parent_code,sub_code,sub_name
AA100,―  AA100954,"초진진찰료-치과의원, 보건의료원 내 치과의치과 급여>기본진료료>진찰료"
AA100,―  AA100953,"초진진찰료-치과의원, 보건의료원 내 치과의치과 급여>기본진료료>진찰료"
AA100,―  AA100950,"초진진찰료-치과의원, 보건의료원 내 치과의치과 급여>기본진료료>진찰료"
AA100,―  AA100934,"초진진찰료-치과의원, 보건의료원 내 치과의치과 급여>기본진료료>진찰료"
AA100,―  AA100933,"초진진찰료-치과의원, 보건의료원 내 치과의치과 급여>기본진료료>진찰료"
AA100,―  AA100930,"초진진찰료-치과의원, 보건의료원 내 치과의치과 급여>기본진료료>진찰료"
AA100,―  AA100914,"초진진찰료-치과의원, 보건의료원 내 치과의치과 급여>기본진료료>진찰료"
AA100,―  AA100913,"초진진찰료-치과의원, 보건의료원 내 치과의치과 급여>기본진료료>진찰료"
AA100,―  AA100911,"초진진찰료-치과의원, 보건의료원 내 치과의치과 급여>기본진료료>진찰료"
AA100,―  AA100910,"초진진찰료-치과의원, 보건의료원 내 치과의치과 급여>기본진료료>진찰료"
AA100,―  AA100904,"초진진찰료-치과의원, 보건의료원 내 치과의치과 급여>기본진료료>진찰료"
AA100,―  AA100903,"초진진찰료-치과의원, 보건의료원 내 치과의치과 급여>기본진료료>진찰료"
AA100,―  AA100900,"초진진찰료-치과의원, 보건의료원 내 치과의치과 급여>기본진료료>진찰료"
AA100,―  AA100652,"초진진찰료-치과의원, 보건의료원 내 치과의치과 급여>기본진료료>진찰료"
AA100,―  AA100650,"초진진찰료-치과의원, 보건의료원 내 치과의치과 급여>기본진료료>진찰료"
AA100,―  AA100632,"초진진찰료-치과의원, 보건의료원 내 치과의치과 급여>기본진료료>진찰료"
AA100,―  AA100630,"초진진찰료-치과의원, 보건의료원 내 치과의치과 급여>기본진료료>진찰료"
AA100,―  AA100622,"초진진찰료-치과의원, 보건의료원 내 치과의치과 급여>기본진료료>진찰료"
AA100,―  AA100621,"초진진찰료-치과의원, 보건의료원 내 치과의치과 급여>기본진료료>진찰료"
AA100,―  AA100620,"초진진찰료-치과의원, 보건의료원 내 치과의치과 급여>기본진료료>진찰료"
AA100,―  AA100612,"초진진찰료-치과의원, 보건의료원 내 치과의치과 급여>기본진료료>진찰료"
AA100,―  AA100611,"초진진찰료-치과의원, 보건의료원 내 치과의치과 급여>기본진료료>진찰료"
AA100,―  AA100610,"초진진찰료-치과의원, 보건의료원 내 치과의치과 급여>기본진료료>진찰료"
AA100,―  AA100602,"초진진찰료-치과의원, 보건의료원 내 치과의치과 급여>기본진료료>진찰료"
AA100,―  AA100600,"초진진찰료-치과의원, 보건의료원 내 치과의치과 급여>기본진료료>진찰료"
AA100,―  AA100152,"초진진찰료-치과의원, 보건의료원 내 치과의치과 급여>기본진료료>진찰료"
AA100,―  AA100150,"초진진찰료-치과의원, 보건의료원 내 치과의치과 급여>기본진료료>진찰료"
AA100,―  AA100132,"초진진찰료-치과의원, 보건의료원 내 치과의치과 급여>기본진료료>진찰료"
AA100,―  AA100130,"초진진찰료-치과의원, 보건의료원 내 치과의치과 급여>기본진료료>진찰료"
AA100,―  AA100122,"초진진찰료-치과의원, 보건의료원 내 치과의치과 급여>기본진료료>진찰료"
AA100,―  AA100121,"초진진찰료-치과의원, 보건의료원 내 치과의치과 급여>기본진료료>진찰료"
AA100,―  AA100120,"초진진찰료-치과의원, 보건의료원 내 치과의치과 급여>기본진료료>진찰료"
AA100,―  AA100112,"초진진찰료-치과의원, 보건의료원 내 치과의치과 급여>기본진료료>진찰료"
AA100,―  AA100111,"초진진찰료-치과의원, 보건의료원 내 치과의치과 급여>기본진료료>진찰료"
AA100,―  AA100110,"초진진찰료-치과의원, 보건의료원 내 치과의치과 급여>기본진료료>진찰료"
AA100,―  AA100102,"초진진찰료-치과의원, 보건의료원 내 치과의치과 급여>기본진료료>진찰료"
AA100,―  AA100100,"초진진찰료-치과의원, 보건의료원 내 치과의치과 급여>기본진료료>진찰료"
AA100,―  AA100054,"초진진찰료-치과의원, 보건의료원 내 치과의치과 급여>기본진료료>진찰료"
AA100,―  AA100053,"초진진찰료-치과의원, 보건의료원 내 치과의치과 급여>기본진료료>진찰료"
AA100,―  AA100050,"초진진찰료-치과의원, 보건의료원 내 치과의치과 급여>기본진료료>진찰료"
AA100,―  AA100034,"초진진찰료-치과의원, 보건의료원 내 치과의치과 급여>기본진료료>진찰료"
AA100,―  AA100033,"초진진찰료-치과의원, 보건의료원 내 치과의치과 급여>기본진료료>진찰료"
AA100,―  AA100030,"초진진찰료-치과의원, 보건의료원 내 치과의치과 급여>기본진료료>진찰료"
AA100,―  AA100014,"초진진찰료-치과의원, 보건의료원 내 치과의치과 급여>기본진료료>진찰료"
AA100,―  AA100013,"초진진찰료-치과의원, 보건의료원 내 치과의치과 급여>기본진료료>진찰료"
AA100,―  AA100011,"초진진찰료-치과의원, 보건의료원 내 치과의치과 급여>기본진료료>진찰료"
AA100,―  AA100010,"초진진찰료-치과의원, 보건의료원 내 치과의치과 급여>기본진료료>진찰료"
AA100,―  AA100004,"초진진찰료-치과의원, 보건의료원 내 치과의치과 급여>기본진료료>진찰료"
AA100,―  AA100003,"초진진찰료-치과의원, 보건의료원 내 치과의치과 급여>기본진료료>진찰료"
AA106,―  AA106954,초진진찰료-상급종병에 설치된 경우를 제외한 치과대학부속치과병원의치과 급여>기본진료료>진찰료
AA106,―  AA106953,초진진찰료-상급종병에 설치된 경우를 제외한 치과대학부속치과병원의치과 급여>기본진료료>진찰료
AA106,―  AA106950,초진진찰료-상급종병에 설치된 경우를 제외한 치과대학부속치과병원의치과 급여>기본진료료>진찰료
AA106,―  AA106914,초진진찰료-상급종병에 설치된 경우를 제외한 치과대학부속치과병원의치과 급여>기본진료료>진찰료
AA106,―  AA106913,초진진찰료-상급종병에 설치된 경우를 제외한 치과대학부속치과병원의치과 급여>기본진료료>진찰료
AA106,―  AA106910,초진진찰료-상급종병에 설치된 경우를 제외한 치과대학부속치과병원의치과 급여>기본진료료>진찰료
AA106,―  AA106904,초진진찰료-상급종병에 설치된 경우를 제외한 치과대학부속치과병원의치과 급여>기본진료료>진찰료
AA106,―  AA106903,초진진찰료-상급종병에 설치된 경우를 제외한 치과대학부속치과병원의치과 급여>기본진료료>진찰료
AA106,―  AA106900,초진진찰료-상급종병에 설치된 경우를 제외한 치과대학부속치과병원의치과 급여>기본진료료>진찰료
AA106,―  AA106652,초진진찰료-상급종병에 설치된 경우를 제외한 치과대학부속치과병원의치과 급여>기본진료료>진찰료
AA106,―  AA106650,초진진찰료-상급종병에 설치된 경우를 제외한 치과대학부속치과병원의치과 급여>기본진료료>진찰료
AA106,―  AA106612,초진진찰료-상급종병에 설치된 경우를 제외한 치과대학부속치과병원의치과 급여>기본진료료>진찰료
AA106,―  AA106610,초진진찰료-상급종병에 설치된 경우를 제외한 치과대학부속치과병원의치과 급여>기본진료료>진찰료
AA106,―  AA106602,초진진찰료-상급종병에 설치된 경우를 제외한 치과대학부속치과병원의치과 급여>기본진료료>진찰료
AA106,―  AA106600,초진진찰료-상급종병에 설치된 경우를 제외한 치과대학부속치과병원의치과 급여>기본진료료>진찰료
AA106,―  AA106152,초진진찰료-상급종병에 설치된 경우를 제외한 치과대학부속치과병원의치과 급여>기본진료료>진찰료
AA106,―  AA106150,초진진찰료-상급종병에 설치된 경우를 제외한 치과대학부속치과병원의치과 급여>기본진료료>진찰료
AA106,―  AA106112,초진진찰료-상급종병에 설치된 경우를 제외한 치과대학부속치과병원의치과 급여>기본진료료>진찰료
AA106,―  AA106110,초진진찰료-상급종병에 설치된 경우를 제외한 치과대학부속치과병원의치과 급여>기본진료료>진찰료
AA106,―  AA106102,초진진찰료-상급종병에 설치된 경우를 제외한 치과대학부속치과병원의치과 급여>기본진료료>진찰료
AA106,―  AA106100,초진진찰료-상급종병에 설치된 경우를 제외한 치과대학부속치과병원의치과 급여>기본진료료>진찰료
AA106,―  AA106055,초진진찰료-상급종병에 설치된 경우를 제외한 치과대학부속치과병원의치과 급여>기본진료료>진찰료
AA106,―  AA106054,초진진찰료-상급종병에 설치된 경우를 제외한 치과대학부속치과병원의치과 급여>기본진료료>진찰료
AA106,―  AA106053,초진진찰료-상급종병에 설치된 경우를 제외한 치과대학부속치과병원의치과 급여>기본진료료>진찰료
AA106,―  AA106050,초진진찰료-상급종병에 설치된 경우를 제외한 치과대학부속치과병원의치과 급여>기본진료료>진찰료
AA106,―  AA106015,초진진찰료-상급종병에 설치된 경우를 제외한 치과대학부속치과병원의치과 급여>기본진료료>진찰료
AA106,―  AA106014,초진진찰료-상급종병에 설치된 경우를 제외한 치과대학부속치과병원의치과 급여>기본진료료>진찰료
AA106,―  AA106013,초진진찰료-상급종병에 설치된 경우를 제외한 치과대학부속치과병원의치과 급여>기본진료료>진찰료
AA106,―  AA106010,초진진찰료-상급종병에 설치된 경우를 제외한 치과대학부속치과병원의치과 급여>기본진료료>진찰료
AA106,―  AA106005,초진진찰료-상급종병에 설치된 경우를 제외한 치과대학부속치과병원의치과 급여>기본진료료>진찰료
AA106,―  AA106004,초진진찰료-상급종병에 설치된 경우를 제외한 치과대학부속치과병원의치과 급여>기본진료료>진찰료
AA106,―  AA106003,초진진찰료-상급종병에 설치된 경우를 제외한 치과대학부속치과병원의치과 급여>기본진료료>진찰료
AA107,―  AA107954,초진진찰료-상급종합병원에 설치된 치과대학부속치과병원의치과 급여>기본진료료>진찰료
AA107,―  AA107953,초진진찰료-상급종합병원에 설치된 치과대학부속치과병원의치과 급여>기본진료료>진찰료
AA107,―  AA107950,초진진찰료-상급종합병원에 설치된 치과대학부속치과병원의치과 급여>기본진료료>진찰료
AA107,―  AA107914,초진진찰료-상급종합병원에 설치된 치과대학부속치과병원의치과 급여>기본진료료>진찰료
AA107,―  AA107913,초진진찰료-상급종합병원에 설치된 치과대학부속치과병원의치과 급여>기본진료료>진찰료
AA107,―  AA107910,초진진찰료-상급종합병원에 설치된 치과대학부속치과병원의치과 급여>기본진료료>진찰료
AA107,―  AA107904,초진진찰료-상급종합병원에 설치된 치과대학부속치과병원의치과 급여>기본진료료>진찰료
AA107,―  AA107903,초진진찰료-상급종합병원에 설치된 치과대학부속치과병원의치과 급여>기본진료료>진찰료
AA107,―  AA107900,초진진찰료-상급종합병원에 설치된 치과대학부속치과병원의치과 급여>기본진료료>진찰료
AA107,―  AA107652,초진진찰료-상급종합병원에 설치된 치과대학부속치과병원의치과 급여>기본진료료>진찰료
AA107,―  AA107650,초진진찰료-상급종합병원에 설치된 치과대학부속치과병원의치과 급여>기본진료료>진찰료
AA107,―  AA107612,초진진찰료-상급종합병원에 설치된 치과대학부속치과병원의치과 급여>기본진료료>진찰료
AA107,―  AA107610,초진진찰료-상급종합병원에 설치된 치과대학부속치과병원의치과 급여>기본진료료>진찰료
AA107,―  AA107602,초진진찰료-상급종합병원에 설치된 치과대학부속치과병원의치과 급여>기본진료료>진찰료
AA107,―  AA107600,초진진찰료-상급종합병원에 설치된 치과대학부속치과병원의치과 급여>기본진료료>진찰료
AA107,―  AA107152,초진진찰료-상급종합병원에 설치된 치과대학부속치과병원의치과 급여>기본진료료>진찰료
AA107,―  AA107150,초진진찰료-상급종합병원에 설치된 치과대학부속치과병원의치과 급여>기본진료료>진찰료
AA107,―  AA107112,초진진찰료-상급종합병원에 설치된 치과대학부속치과병원의치과 급여>기본진료료>진찰료
AA107,―  AA107110,초진진찰료-상급종합병원에 설치된 치과대학부속치과병원의치과 급여>기본진료료>진찰료
AA107,―  AA107102,초진진찰료-상급종합병원에 설치된 치과대학부속치과병원의치과 급여>기본진료료>진찰료
AA107,―  AA107100,초진진찰료-상급종합병원에 설치된 치과대학부속치과병원의치과 급여>기본진료료>진찰료
AA107,―  AA107055,초진진찰료-상급종합병원에 설치된 치과대학부속치과병원의치과 급여>기본진료료>진찰료
AA107,―  AA107054,초진진찰료-상급종합병원에 설치된 치과대학부속치과병원의치과 급여>기본진료료>진찰료
AA107,―  AA107053,초진진찰료-상급종합병원에 설치된 치과대학부속치과병원의치과 급여>기본진료료>진찰료
AA107,―  AA107050,초진진찰료-상급종합병원에 설치된 치과대학부속치과병원의치과 급여>기본진료료>진찰료
AA107,―  AA107015,초진진찰료-상급종합병원에 설치된 치과대학부속치과병원의치과 급여>기본진료료>진찰료
AA107,―  AA107014,초진진찰료-상급종합병원에 설치된 치과대학부속치과병원의치과 급여>기본진료료>진찰료
AA107,―  AA107013,초진진찰료-상급종합병원에 설치된 치과대학부속치과병원의치과 급여>기본진료료>진찰료
AA107,―  AA107010,초진진찰료-상급종합병원에 설치된 치과대학부속치과병원의치과 급여>기본진료료>진찰료
AA107,―  AA107005,초진진찰료-상급종합병원에 설치된 치과대학부속치과병원의치과 급여>기본진료료>진찰료
AA107,―  AA107004,초진진찰료-상급종합병원에 설치된 치과대학부속치과병원의치과 급여>기본진료료>진찰료
AA107,―  AA107003,초진진찰료-상급종합병원에 설치된 치과대학부속치과병원의치과 급여>기본진료료>진찰료
AA109,―  AA109954,"초진진찰료-치과병원, 병원·요양병원·한방병원 내 치과의치과 급여>기본진료료>진찰료"
AA109,―  AA109953,"초진진찰료-치과병원, 병원·요양병원·한방병원 내 치과의치과 급여>기본진료료>진찰료"
AA109,―  AA109950,"초진진찰료-치과병원, 병원·요양병원·한방병원 내 치과의치과 급여>기본진료료>진찰료"
AA109,―  AA109914,"초진진찰료-치과병원, 병원·요양병원·한방병원 내 치과의치과 급여>기본진료료>진찰료"
AA109,―  AA109913,"초진진찰료-치과병원, 병원·요양병원·한방병원 내 치과의치과 급여>기본진료료>진찰료"
AA109,―  AA109910,"초진진찰료-치과병원, 병원·요양병원·한방병원 내 치과의치과 급여>기본진료료>진찰료"
AA109,―  AA109904,"초진진찰료-치과병원, 병원·요양병원·한방병원 내 치과의치과 급여>기본진료료>진찰료"
AA109,―  AA109903,"초진진찰료-치과병원, 병원·요양병원·한방병원 내 치과의치과 급여>기본진료료>진찰료"
AA109,―  AA109900,"초진진찰료-치과병원, 병원·요양병원·한방병원 내 치과의치과 급여>기본진료료>진찰료"
AA109,―  AA109652,"초진진찰료-치과병원, 병원·요양병원·한방병원 내 치과의치과 급여>기본진료료>진찰료"
AA109,―  AA109650,"초진진찰료-치과병원, 병원·요양병원·한방병원 내 치과의치과 급여>기본진료료>진찰료"
AA109,―  AA109622,"초진진찰료-치과병원, 병원·요양병원·한방병원 내 치과의치과 급여>기본진료료>진찰료"
AA109,―  AA109620,"초진진찰료-치과병원, 병원·요양병원·한방병원 내 치과의치과 급여>기본진료료>진찰료"
AA109,―  AA109612,"초진진찰료-치과병원, 병원·요양병원·한방병원 내 치과의치과 급여>기본진료료>진찰료"
AA109,―  AA109610,"초진진찰료-치과병원, 병원·요양병원·한방병원 내 치과의치과 급여>기본진료료>진찰료"
AA109,―  AA109602,"초진진찰료-치과병원, 병원·요양병원·한방병원 내 치과의치과 급여>기본진료료>진찰료"
AA109,―  AA109600,"초진진찰료-치과병원, 병원·요양병원·한방병원 내 치과의치과 급여>기본진료료>진찰료"
AA109,―  AA109152,"초진진찰료-치과병원, 병원·요양병원·한방병원 내 치과의치과 급여>기본진료료>진찰료"
AA109,―  AA109150,"초진진찰료-치과병원, 병원·요양병원·한방병원 내 치과의치과 급여>기본진료료>진찰료"
AA109,―  AA109122,"초진진찰료-치과병원, 병원·요양병원·한방병원 내 치과의치과 급여>기본진료료>진찰료"
AA109,―  AA109120,"초진진찰료-치과병원, 병원·요양병원·한방병원 내 치과의치과 급여>기본진료료>진찰료"
AA109,―  AA109112,"초진진찰료-치과병원, 병원·요양병원·한방병원 내 치과의치과 급여>기본진료료>진찰료"
AA109,―  AA109110,"초진진찰료-치과병원, 병원·요양병원·한방병원 내 치과의치과 급여>기본진료료>진찰료"
AA109,―  AA109102,"초진진찰료-치과병원, 병원·요양병원·한방병원 내 치과의치과 급여>기본진료료>진찰료"
AA109,―  AA109100,"초진진찰료-치과병원, 병원·요양병원·한방병원 내 치과의치과 급여>기본진료료>진찰료"
AA109,―  AA109054,"초진진찰료-치과병원, 병원·요양병원·한방병원 내 치과의치과 급여>기본진료료>진찰료"
AA109,―  AA109053,"초진진찰료-치과병원, 병원·요양병원·한방병원 내 치과의치과 급여>기본진료료>진찰료"
AA109,―  AA109050,"초진진찰료-치과병원, 병원·요양병원·한방병원 내 치과의치과 급여>기본진료료>진찰료"
AA109,―  AA109014,"초진진찰료-치과병원, 병원·요양병원·한방병원 내 치과의치과 급여>기본진료료>진찰료"
AA109,―  AA109013,"초진진찰료-치과병원, 병원·요양병원·한방병원 내 치과의치과 급여>기본진료료>진찰료"
AA109,―  AA109010,"초진진찰료-치과병원, 병원·요양병원·한방병원 내 치과의치과 급여>기본진료료>진찰료"
AA109,―  AA109004,"초진진찰료-치과병원, 병원·요양병원·한방병원 내 치과의치과 급여>기본진료료>진찰료"
AA109,―  AA109003,"초진진찰료-치과병원, 병원·요양병원·한방병원 내 치과의치과 급여>기본진료료>진찰료"
AA154,―  AA154652,"초진진찰료-의원,보건의료원 내 의과의치과 급여>기본진료료>진찰료"
AA154,―  AA154650,"초진진찰료-의원,보건의료원 내 의과의치과 급여>기본진료료>진찰료"
AA154,―  AA154632,"초진진찰료-의원,보건의료원 내 의과의치과 급여>기본진료료>진찰료"
AA154,―  AA154630,"초진진찰료-의원,보건의료원 내 의과의치과 급여>기본진료료>진찰료"
AA154,―  AA154622,"초진진찰료-의원,보건의료원 내 의과의치과 급여>기본진료료>진찰료"
AA154,―  AA154621,초진진찰료-보건의료원 내 의과의치과 급여>기본진료료>진찰료
AA154,―  AA154620,"초진진찰료-의원,보건의료원 내 의과의치과 급여>기본진료료>진찰료"
AA154,―  AA154612,"초진진찰료-의원,보건의료원 내 의과의치과 급여>기본진료료>진찰료"
AA154,―  AA154611,초진진찰료-보건의료원 내 의과의치과 급여>기본진료료>진찰료
AA154,―  AA154610,"초진진찰료-의원,보건의료원 내 의과의치과 급여>기본진료료>진찰료"
AA154,―  AA154602,"초진진찰료-의원,보건의료원 내 의과의치과 급여>기본진료료>진찰료"
AA154,―  AA154600,"초진진찰료-의원,보건의료원 내 의과의치과 급여>기본진료료>진찰료"
AA154,―  AA154152,"초진진찰료-의원,보건의료원 내 의과의치과 급여>기본진료료>진찰료"
AA154,―  AA154150,"초진진찰료-의원,보건의료원 내 의과의치과 급여>기본진료료>진찰료"
AA154,―  AA154132,"초진진찰료-의원,보건의료원 내 의과의치과 급여>기본진료료>진찰료"
AA154,―  AA154130,"초진진찰료-의원,보건의료원 내 의과의치과 급여>기본진료료>진찰료"
AA154,―  AA154122,"초진진찰료-의원,보건의료원 내 의과의치과 급여>기본진료료>진찰료"
AA154,―  AA154121,초진진찰료-보건의료원 내 의과의치과 급여>기본진료료>진찰료
AA154,―  AA154120,"초진진찰료-의원,보건의료원 내 의과의치과 급여>기본진료료>진찰료"
AA154,―  AA154112,"초진진찰료-의원,보건의료원 내 의과의치과 급여>기본진료료>진찰료"
AA154,―  AA154111,초진진찰료-보건의료원 내 의과의치과 급여>기본진료료>진찰료
AA154,―  AA154110,"초진진찰료-의원,보건의료원 내 의과의치과 급여>기본진료료>진찰료"
AA154,―  AA154102,"초진진찰료-의원,보건의료원 내 의과의치과 급여>기본진료료>진찰료"
AA154,―  AA154100,"초진진찰료-의원,보건의료원 내 의과의치과 급여>기본진료료>진찰료"
AA154,―  AA154055,"초진진찰료-의원,보건의료원 내 의과의치과 급여>기본진료료>진찰료"
AA154,―  AA154054,"초진진찰료-의원,보건의료원 내 의과의치과 급여>기본진료료>진찰료"
AA154,―  AA154053,"초진진찰료-의원,보건의료원 내 의과의치과 급여>기본진료료>진찰료"
AA154,―  AA154050,"초진진찰료-의원,보건의료원 내 의과의치과 급여>기본진료료>진찰료"
AA154,―  AA154035,"초진진찰료-의원,보건의료원 내 의과의치과 급여>기본진료료>진찰료"
AA154,―  AA154034,"초진진찰료-의원,보건의료원 내 의과의치과 급여>기본진료료>진찰료"
AA154,―  AA154033,"초진진찰료-의원,보건의료원 내 의과의치과 급여>기본진료료>진찰료"
AA154,―  AA154030,"초진진찰료-의원,보건의료원 내 의과의치과 급여>기본진료료>진찰료"
AA154,―  AA154015,"초진진찰료-의원,보건의료원 내 의과의치과 급여>기본진료료>진찰료"
AA154,―  AA154014,"초진진찰료-의원,보건의료원 내 의과의치과 급여>기본진료료>진찰료"
AA154,―  AA154013,"초진진찰료-의원,보건의료원 내 의과의치과 급여>기본진료료>진찰료"
AA154,―  AA154011,초진진찰료-보건의료원 내 의과의치과 급여>기본진료료>진찰료
AA154,―  AA154010,"초진진찰료-의원,보건의료원 내 의과의치과 급여>기본진료료>진찰료"
AA154,―  AA154005,"초진진찰료-의원,보건의료원 내 의과의치과 급여>기본진료료>진찰료"
AA154,―  AA154004,"초진진찰료-의원,보건의료원 내 의과의치과 급여>기본진료료>진찰료"
AA154,―  AA154003,"초진진찰료-의원,보건의료원 내 의과의치과 급여>기본진료료>진찰료"
AA155,―  AA155950,"초진진찰료-병원, 요양병원·한방병원·치과병원 내 의과의치과 급여>기본진료료>진찰료"
AA155,―  AA155910,"초진진찰료-병원, 요양병원·한방병원·치과병원 내 의과의치과 급여>기본진료료>진찰료"
AA155,―  AA155900,"초진진찰료-병원, 요양병원·한방병원·치과병원 내 의과의치과 급여>기본진료료>진찰료"
AA155,―  AA155652,"초진진찰료-병원, 요양병원·한방병원·치과병원 내 의과의치과 급여>기본진료료>진찰료"
AA155,―  AA155650,"초진진찰료-병원, 요양병원·한방병원·치과병원 내 의과의치과 급여>기본진료료>진찰료"
AA155,―  AA155622,"초진진찰료-병원, 요양병원·한방병원·치과병원 내 의과의치과 급여>기본진료료>진찰료"
AA155,―  AA155620,"초진진찰료-병원, 요양병원·한방병원·치과병원 내 의과의치과 급여>기본진료료>진찰료"
AA155,―  AA155612,"초진진찰료-병원, 요양병원·한방병원·치과병원 내 의과의치과 급여>기본진료료>진찰료"
AA155,―  AA155610,"초진진찰료-병원, 요양병원·한방병원·치과병원 내 의과의치과 급여>기본진료료>진찰료"
AA155,―  AA155602,"초진진찰료-병원, 요양병원·한방병원·치과병원 내 의과의치과 급여>기본진료료>진찰료"
AA155,―  AA155600,"초진진찰료-병원, 요양병원·한방병원·치과병원 내 의과의치과 급여>기본진료료>진찰료"
AA155,―  AA155152,"초진진찰료-병원, 요양병원·한방병원·치과병원 내 의과의치과 급여>기본진료료>진찰료"
AA155,―  AA155150,"초진진찰료-병원, 요양병원·한방병원·치과병원 내 의과의치과 급여>기본진료료>진찰료"
AA155,―  AA155122,"초진진찰료-병원, 요양병원·한방병원·치과병원 내 의과의치과 급여>기본진료료>진찰료"
AA155,―  AA155120,"초진진찰료-병원, 요양병원·한방병원·치과병원 내 의과의치과 급여>기본진료료>진찰료"
AA155,―  AA155112,"초진진찰료-병원, 요양병원·한방병원·치과병원 내 의과의치과 급여>기본진료료>진찰료"
AA155,―  AA155110,"초진진찰료-병원, 요양병원·한방병원·치과병원 내 의과의치과 급여>기본진료료>진찰료"
AA155,―  AA155102,"초진진찰료-병원, 요양병원·한방병원·치과병원 내 의과의치과 급여>기본진료료>진찰료"
AA155,―  AA155100,"초진진찰료-병원, 요양병원·한방병원·치과병원 내 의과의치과 급여>기본진료료>진찰료"
AA155,―  AA155055,"초진진찰료-병원, 요양병원·한방병원·치과병원 내 의과의치과 급여>기본진료료>진찰료"
AA155,―  AA155054,"초진진찰료-병원, 요양병원·한방병원·치과병원 내 의과의치과 급여>기본진료료>진찰료"
AA155,―  AA155053,"초진진찰료-병원, 요양병원·한방병원·치과병원 내 의과의치과 급여>기본진료료>진찰료"
AA155,―  AA155050,"초진진찰료-병원, 요양병원·한방병원·치과병원 내 의과의치과 급여>기본진료료>진찰료"
AA155,―  AA155015,"초진진찰료-병원, 요양병원·한방병원·치과병원 내 의과의치과 급여>기본진료료>진찰료"
AA155,―  AA155014,"초진진찰료-병원, 요양병원·한방병원·치과병원 내 의과의치과 급여>기본진료료>진찰료"
AA155,―  AA155013,"초진진찰료-병원, 요양병원·한방병원·치과병원 내 의과의치과 급여>기본진료료>진찰료"
AA155,―  AA155010,"초진진찰료-병원, 요양병원·한방병원·치과병원 내 의과의치과 급여>기본진료료>진찰료"
AA155,―  AA155005,"초진진찰료-병원, 요양병원·한방병원·치과병원 내 의과의치과 급여>기본진료료>진찰료"
AA155,―  AA155004,"초진진찰료-병원, 요양병원·한방병원·치과병원 내 의과의치과 급여>기본진료료>진찰료"
AA155,―  AA155003,"초진진찰료-병원, 요양병원·한방병원·치과병원 내 의과의치과 급여>기본진료료>진찰료"
AA156,―  AA156954,초진진찰료-종합병원의치과 급여>기본진료료>진찰료
AA156,―  AA156953,초진진찰료-종합병원의치과 급여>기본진료료>진찰료
AA156,―  AA156950,초진진찰료-종합병원의치과 급여>기본진료료>진찰료
AA156,―  AA156914,초진진찰료-종합병원의치과 급여>기본진료료>진찰료
AA156,―  AA156913,초진진찰료-종합병원의치과 급여>기본진료료>진찰료
AA156,―  AA156910,초진진찰료-종합병원의치과 급여>기본진료료>진찰료
AA156,―  AA156904,초진진찰료-종합병원의치과 급여>기본진료료>진찰료
AA156,―  AA156903,초진진찰료-종합병원의치과 급여>기본진료료>진찰료
AA156,―  AA156900,초진진찰료-종합병원의치과 급여>기본진료료>진찰료
AA156,―  AA156652,초진진찰료-종합병원의치과 급여>기본진료료>진찰료
AA156,―  AA156650,초진진찰료-종합병원의치과 급여>기본진료료>진찰료
AA156,―  AA156612,초진진찰료-종합병원의치과 급여>기본진료료>진찰료
AA156,―  AA156610,초진진찰료-종합병원의치과 급여>기본진료료>진찰료
AA156,―  AA156602,초진진찰료-종합병원의치과 급여>기본진료료>진찰료
AA156,―  AA156600,초진진찰료-종합병원의치과 급여>기본진료료>진찰료
AA156,―  AA156152,초진진찰료-종합병원의치과 급여>기본진료료>진찰료
AA156,―  AA156150,초진진찰료-종합병원의치과 급여>기본진료료>진찰료
AA156,―  AA156112,초진진찰료-종합병원의치과 급여>기본진료료>진찰료
AA156,―  AA156110,초진진찰료-종합병원의치과 급여>기본진료료>진찰료
AA156,―  AA156102,초진진찰료-종합병원의치과 급여>기본진료료>진찰료
AA156,―  AA156100,초진진찰료-종합병원의치과 급여>기본진료료>진찰료
AA156,―  AA156055,초진진찰료-종합병원의치과 급여>기본진료료>진찰료
AA156,―  AA156054,초진진찰료-종합병원의치과 급여>기본진료료>진찰료
AA156,―  AA156053,초진진찰료-종합병원의치과 급여>기본진료료>진찰료
AA156,―  AA156050,초진진찰료-종합병원의치과 급여>기본진료료>진찰료
AA156,―  AA156015,초진진찰료-종합병원의치과 급여>기본진료료>진찰료
AA156,―  AA156014,초진진찰료-종합병원의치과 급여>기본진료료>진찰료
AA156,―  AA156013,초진진찰료-종합병원의치과 급여>기본진료료>진찰료
AA156,―  AA156010,초진진찰료-종합병원의치과 급여>기본진료료>진찰료
AA156,―  AA156005,초진진찰료-종합병원의치과 급여>기본진료료>진찰료
AA156,―  AA156004,초진진찰료-종합병원의치과 급여>기본진료료>진찰료
AA156,―  AA156003,초진진찰료-종합병원의치과 급여>기본진료료>진찰료
AA157,―  AA157954,초진진찰료-상급종합병원의치과 급여>기본진료료>진찰료
AA157,―  AA157953,초진진찰료-상급종합병원의치과 급여>기본진료료>진찰료
AA157,―  AA157950,초진진찰료-상급종합병원의치과 급여>기본진료료>진찰료
AA157,―  AA157914,초진진찰료-상급종합병원의치과 급여>기본진료료>진찰료
AA157,―  AA157913,초진진찰료-상급종합병원의치과 급여>기본진료료>진찰료
AA157,―  AA157910,초진진찰료-상급종합병원의치과 급여>기본진료료>진찰료
AA157,―  AA157904,초진진찰료-상급종합병원의치과 급여>기본진료료>진찰료
AA157,―  AA157903,초진진찰료-상급종합병원의치과 급여>기본진료료>진찰료
AA157,―  AA157900,초진진찰료-상급종합병원의치과 급여>기본진료료>진찰료
AA157,―  AA157652,초진진찰료-상급종합병원의치과 급여>기본진료료>진찰료
AA157,―  AA157650,초진진찰료-상급종합병원의치과 급여>기본진료료>진찰료
AA157,―  AA157612,초진진찰료-상급종합병원의치과 급여>기본진료료>진찰료
AA157,―  AA157610,초진진찰료-상급종합병원의치과 급여>기본진료료>진찰료
AA157,―  AA157602,초진진찰료-상급종합병원의치과 급여>기본진료료>진찰료
AA157,―  AA157600,초진진찰료-상급종합병원의치과 급여>기본진료료>진찰료
AA157,―  AA157152,초진진찰료-상급종합병원의치과 급여>기본진료료>진찰료
AA157,―  AA157150,초진진찰료-상급종합병원의치과 급여>기본진료료>진찰료
AA157,―  AA157112,초진진찰료-상급종합병원의치과 급여>기본진료료>진찰료
AA157,―  AA157110,초진진찰료-상급종합병원의치과 급여>기본진료료>진찰료
AA157,―  AA157102,초진진찰료-상급종합병원의치과 급여>기본진료료>진찰료
AA157,―  AA157100,초진진찰료-상급종합병원의치과 급여>기본진료료>진찰료
AA157,―  AA157055,초진진찰료-상급종합병원의치과 급여>기본진료료>진찰료
AA157,―  AA157054,초진진찰료-상급종합병원의치과 급여>기본진료료>진찰료
AA157,―  AA157053,초진진찰료-상급종합병원의치과 급여>기본진료료>진찰료
AA157,―  AA157050,초진진찰료-상급종합병원의치과 급여>기본진료료>진찰료
AA157,―  AA157015,초진진찰료-상급종합병원의치과 급여>기본진료료>진찰료
AA157,―  AA157014,초진진찰료-상급종합병원의치과 급여>기본진료료>진찰료
AA157,―  AA157013,초진진찰료-상급종합병원의치과 급여>기본진료료>진찰료
AA157,―  AA157010,초진진찰료-상급종합병원의치과 급여>기본진료료>진찰료
AA157,―  AA157005,초진진찰료-상급종합병원의치과 급여>기본진료료>진찰료
AA157,―  AA157004,초진진찰료-상급종합병원의치과 급여>기본진료료>진찰료
AA157,―  AA157003,초진진찰료-상급종합병원의치과 급여>기본진료료>진찰료
AA200,―  AA200954,"재진진찰료-치과의원, 보건의료원 내 치과의치과 급여>기본진료료>진찰료"
AA200,―  AA200953,"재진진찰료-치과의원, 보건의료원 내 치과의치과 급여>기본진료료>진찰료"
AA200,―  AA200950,"재진진찰료-치과의원, 보건의료원 내 치과의치과 급여>기본진료료>진찰료"
AA200,―  AA200934,"재진진찰료-치과의원, 보건의료원 내 치과의치과 급여>기본진료료>진찰료"
AA200,―  AA200933,"재진진찰료-치과의원, 보건의료원 내 치과의치과 급여>기본진료료>진찰료"
AA200,―  AA200930,"재진진찰료-치과의원, 보건의료원 내 치과의치과 급여>기본진료료>진찰료"
AA200,―  AA200914,"재진진찰료-치과의원, 보건의료원 내 치과의치과 급여>기본진료료>진찰료"
AA200,―  AA200913,"재진진찰료-치과의원, 보건의료원 내 치과의치과 급여>기본진료료>진찰료"
AA200,―  AA200911,"재진진찰료-치과의원, 보건의료원 내 치과의치과 급여>기본진료료>진찰료"
AA200,―  AA200910,"재진진찰료-치과의원, 보건의료원 내 치과의치과 급여>기본진료료>진찰료"
AA200,―  AA200904,"재진진찰료-치과의원, 보건의료원 내 치과의치과 급여>기본진료료>진찰료"
AA200,―  AA200903,"재진진찰료-치과의원, 보건의료원 내 치과의치과 급여>기본진료료>진찰료"
AA200,―  AA200900,"재진진찰료-치과의원, 보건의료원 내 치과의치과 급여>기본진료료>진찰료"
AA200,―  AA200652,"재진진찰료-치과의원, 보건의료원 내 치과의치과 급여>기본진료료>진찰료"
AA200,―  AA200650,"재진진찰료-치과의원, 보건의료원 내 치과의치과 급여>기본진료료>진찰료"
AA200,―  AA200632,"재진진찰료-치과의원, 보건의료원 내 치과의치과 급여>기본진료료>진찰료"
AA200,―  AA200630,"재진진찰료-치과의원, 보건의료원 내 치과의치과 급여>기본진료료>진찰료"
AA200,―  AA200622,"재진진찰료-치과의원, 보건의료원 내 치과의치과 급여>기본진료료>진찰료"
AA200,―  AA200621,"재진진찰료-치과의원, 보건의료원 내 치과의치과 급여>기본진료료>진찰료"
AA200,―  AA200620,"재진진찰료-치과의원, 보건의료원 내 치과의치과 급여>기본진료료>진찰료"
AA200,―  AA200612,"재진진찰료-치과의원, 보건의료원 내 치과의치과 급여>기본진료료>진찰료"
AA200,―  AA200611,"재진진찰료-치과의원, 보건의료원 내 치과의치과 급여>기본진료료>진찰료"
AA200,―  AA200610,"재진진찰료-치과의원, 보건의료원 내 치과의치과 급여>기본진료료>진찰료"
AA200,―  AA200602,"재진진찰료-치과의원, 보건의료원 내 치과의치과 급여>기본진료료>진찰료"
AA200,―  AA200600,"재진진찰료-치과의원, 보건의료원 내 치과의치과 급여>기본진료료>진찰료"
AA200,―  AA200152,"재진진찰료-치과의원, 보건의료원 내 치과의치과 급여>기본진료료>진찰료"
AA200,―  AA200150,"재진진찰료-치과의원, 보건의료원 내 치과의치과 급여>기본진료료>진찰료"
AA200,―  AA200132,"재진진찰료-치과의원, 보건의료원 내 치과의치과 급여>기본진료료>진찰료"
AA200,―  AA200130,"재진진찰료-치과의원, 보건의료원 내 치과의치과 급여>기본진료료>진찰료"
AA200,―  AA200122,"재진진찰료-치과의원, 보건의료원 내 치과의치과 급여>기본진료료>진찰료"
AA200,―  AA200121,"재진진찰료-치과의원, 보건의료원 내 치과의치과 급여>기본진료료>진찰료"
AA200,―  AA200120,"재진진찰료-치과의원, 보건의료원 내 치과의치과 급여>기본진료료>진찰료"
AA200,―  AA200112,"재진진찰료-치과의원, 보건의료원 내 치과의치과 급여>기본진료료>진찰료"
AA200,―  AA200111,"재진진찰료-치과의원, 보건의료원 내 치과의치과 급여>기본진료료>진찰료"
AA200,―  AA200110,"재진진찰료-치과의원, 보건의료원 내 치과의치과 급여>기본진료료>진찰료"
AA200,―  AA200102,"재진진찰료-치과의원, 보건의료원 내 치과의치과 급여>기본진료료>진찰료"
AA200,―  AA200100,"재진진찰료-치과의원, 보건의료원 내 치과의치과 급여>기본진료료>진찰료"
AA200,―  AA200090,"재진진찰료-치과의원, 보건의료원 내 치과의치과 급여>기본진료료>진찰료"
AA200,―  AA200080,"재진진찰료-치과의원, 보건의료원 내 치과의치과 급여>기본진료료>진찰료"
AA200,―  AA200054,"재진진찰료-치과의원, 보건의료원 내 치과의치과 급여>기본진료료>진찰료"
AA200,―  AA200053,"재진진찰료-치과의원, 보건의료원 내 치과의치과 급여>기본진료료>진찰료"
AA200,―  AA200050,"재진진찰료-치과의원, 보건의료원 내 치과의치과 급여>기본진료료>진찰료"
AA200,―  AA200034,"재진진찰료-치과의원, 보건의료원 내 치과의치과 급여>기본진료료>진찰료"
AA200,―  AA200033,"재진진찰료-치과의원, 보건의료원 내 치과의치과 급여>기본진료료>진찰료"
AA200,―  AA200030,"재진진찰료-치과의원, 보건의료원 내 치과의치과 급여>기본진료료>진찰료"
AA200,―  AA200014,"재진진찰료-치과의원, 보건의료원 내 치과의치과 급여>기본진료료>진찰료"
AA200,―  AA200013,"재진진찰료-치과의원, 보건의료원 내 치과의치과 급여>기본진료료>진찰료"
AA200,―  AA200011,"재진진찰료-치과의원, 보건의료원 내 치과의치과 급여>기본진료료>진찰료"
AA200,―  AA200010,"재진진찰료-치과의원, 보건의료원 내 치과의치과 급여>기본진료료>진찰료"
AA200,―  AA200004,"재진진찰료-치과의원, 보건의료원 내 치과의치과 급여>기본진료료>진찰료"
AA200,―  AA200003,"재진진찰료-치과의원, 보건의료원 내 치과의치과 급여>기본진료료>진찰료"
AA200,―  AA200002,재진진찰료-부속 의료기관 치과의원의치과 급여>기본진료료>진찰료
AA206,―  AA206954,재진진찰료-상급종병에 설치된 경우를 제외한 치과대학부속치과병원의치과 급여>기본진료료>진찰료
AA206,―  AA206953,재진진찰료-상급종병에 설치된 경우를 제외한 치과대학부속치과병원의치과 급여>기본진료료>진찰료
AA206,―  AA206950,재진진찰료-상급종병에 설치된 경우를 제외한 치과대학부속치과병원의치과 급여>기본진료료>진찰료
AA206,―  AA206914,재진진찰료-상급종병에 설치된 경우를 제외한 치과대학부속치과병원의치과 급여>기본진료료>진찰료
AA206,―  AA206913,재진진찰료-상급종병에 설치된 경우를 제외한 치과대학부속치과병원의치과 급여>기본진료료>진찰료
AA206,―  AA206910,재진진찰료-상급종병에 설치된 경우를 제외한 치과대학부속치과병원의치과 급여>기본진료료>진찰료
AA206,―  AA206904,재진진찰료-상급종병에 설치된 경우를 제외한 치과대학부속치과병원의치과 급여>기본진료료>진찰료
AA206,―  AA206903,재진진찰료-상급종병에 설치된 경우를 제외한 치과대학부속치과병원의치과 급여>기본진료료>진찰료
AA206,―  AA206900,재진진찰료-상급종병에 설치된 경우를 제외한 치과대학부속치과병원의치과 급여>기본진료료>진찰료
AA206,―  AA206652,재진진찰료-상급종병에 설치된 경우를 제외한 치과대학부속치과병원의치과 급여>기본진료료>진찰료
AA206,―  AA206650,재진진찰료-상급종병에 설치된 경우를 제외한 치과대학부속치과병원의치과 급여>기본진료료>진찰료
AA206,―  AA206612,재진진찰료-상급종병에 설치된 경우를 제외한 치과대학부속치과병원의치과 급여>기본진료료>진찰료
AA206,―  AA206610,재진진찰료-상급종병에 설치된 경우를 제외한 치과대학부속치과병원의치과 급여>기본진료료>진찰료
AA206,―  AA206602,재진진찰료-상급종병에 설치된 경우를 제외한 치과대학부속치과병원의치과 급여>기본진료료>진찰료
AA206,―  AA206600,재진진찰료-상급종병에 설치된 경우를 제외한 치과대학부속치과병원의치과 급여>기본진료료>진찰료
AA206,―  AA206152,재진진찰료-상급종병에 설치된 경우를 제외한 치과대학부속치과병원의치과 급여>기본진료료>진찰료
AA206,―  AA206150,재진진찰료-상급종병에 설치된 경우를 제외한 치과대학부속치과병원의치과 급여>기본진료료>진찰료
AA206,―  AA206112,재진진찰료-상급종병에 설치된 경우를 제외한 치과대학부속치과병원의치과 급여>기본진료료>진찰료
AA206,―  AA206110,재진진찰료-상급종병에 설치된 경우를 제외한 치과대학부속치과병원의치과 급여>기본진료료>진찰료
AA206,―  AA206102,재진진찰료-상급종병에 설치된 경우를 제외한 치과대학부속치과병원의치과 급여>기본진료료>진찰료
AA206,―  AA206100,재진진찰료-상급종병에 설치된 경우를 제외한 치과대학부속치과병원의치과 급여>기본진료료>진찰료
AA206,―  AA206090,재진진찰료-상급종병에 설치된 경우를 제외한 치과대학부속치과병원의치과 급여>기본진료료>진찰료
AA206,―  AA206080,재진진찰료-상급종병에 설치된 경우를 제외한 치과대학부속치과병원의치과 급여>기본진료료>진찰료
AA206,―  AA206055,재진진찰료-상급종병에 설치된 경우를 제외한 치과대학부속치과병원의치과 급여>기본진료료>진찰료
AA206,―  AA206054,재진진찰료-상급종병에 설치된 경우를 제외한 치과대학부속치과병원의치과 급여>기본진료료>진찰료
AA206,―  AA206053,재진진찰료-상급종병에 설치된 경우를 제외한 치과대학부속치과병원의치과 급여>기본진료료>진찰료
AA206,―  AA206050,재진진찰료-상급종병에 설치된 경우를 제외한 치과대학부속치과병원의치과 급여>기본진료료>진찰료
AA206,―  AA206015,재진진찰료-상급종병에 설치된 경우를 제외한 치과대학부속치과병원의치과 급여>기본진료료>진찰료
AA206,―  AA206014,재진진찰료-상급종병에 설치된 경우를 제외한 치과대학부속치과병원의치과 급여>기본진료료>진찰료
AA206,―  AA206013,재진진찰료-상급종병에 설치된 경우를 제외한 치과대학부속치과병원의치과 급여>기본진료료>진찰료
AA206,―  AA206010,재진진찰료-상급종병에 설치된 경우를 제외한 치과대학부속치과병원의치과 급여>기본진료료>진찰료
AA206,―  AA206005,재진진찰료-상급종병에 설치된 경우를 제외한 치과대학부속치과병원의치과 급여>기본진료료>진찰료
AA206,―  AA206004,재진진찰료-상급종병에 설치된 경우를 제외한 치과대학부속치과병원의치과 급여>기본진료료>진찰료
AA206,―  AA206003,재진진찰료-상급종병에 설치된 경우를 제외한 치과대학부속치과병원의치과 급여>기본진료료>진찰료
AA207,―  AA207954,재진진찰료-상급종합병원에 설치된 치과대학부속치과병원의치과 급여>기본진료료>진찰료
AA207,―  AA207953,재진진찰료-상급종합병원에 설치된 치과대학부속치과병원의치과 급여>기본진료료>진찰료
AA207,―  AA207950,재진진찰료-상급종합병원에 설치된 치과대학부속치과병원의치과 급여>기본진료료>진찰료
AA207,―  AA207914,재진진찰료-상급종합병원에 설치된 치과대학부속치과병원의치과 급여>기본진료료>진찰료
AA207,―  AA207913,재진진찰료-상급종합병원에 설치된 치과대학부속치과병원의치과 급여>기본진료료>진찰료
AA207,―  AA207910,재진진찰료-상급종합병원에 설치된 치과대학부속치과병원의치과 급여>기본진료료>진찰료
AA207,―  AA207904,재진진찰료-상급종합병원에 설치된 치과대학부속치과병원의치과 급여>기본진료료>진찰료
AA207,―  AA207903,재진진찰료-상급종합병원에 설치된 치과대학부속치과병원의치과 급여>기본진료료>진찰료
AA207,―  AA207900,재진진찰료-상급종합병원에 설치된 치과대학부속치과병원의치과 급여>기본진료료>진찰료
AA207,―  AA207652,재진진찰료-상급종합병원에 설치된 치과대학부속치과병원의치과 급여>기본진료료>진찰료
AA207,―  AA207650,재진진찰료-상급종합병원에 설치된 치과대학부속치과병원의치과 급여>기본진료료>진찰료
AA207,―  AA207612,재진진찰료-상급종합병원에 설치된 치과대학부속치과병원의치과 급여>기본진료료>진찰료
AA207,―  AA207610,재진진찰료-상급종합병원에 설치된 치과대학부속치과병원의치과 급여>기본진료료>진찰료
AA207,―  AA207602,재진진찰료-상급종합병원에 설치된 치과대학부속치과병원의치과 급여>기본진료료>진찰료
AA207,―  AA207600,재진진찰료-상급종합병원에 설치된 치과대학부속치과병원의치과 급여>기본진료료>진찰료
AA207,―  AA207152,재진진찰료-상급종합병원에 설치된 치과대학부속치과병원의치과 급여>기본진료료>진찰료
AA207,―  AA207150,재진진찰료-상급종합병원에 설치된 치과대학부속치과병원의치과 급여>기본진료료>진찰료
AA207,―  AA207112,재진진찰료-상급종합병원에 설치된 치과대학부속치과병원의치과 급여>기본진료료>진찰료
AA207,―  AA207110,재진진찰료-상급종합병원에 설치된 치과대학부속치과병원의치과 급여>기본진료료>진찰료
AA207,―  AA207102,재진진찰료-상급종합병원에 설치된 치과대학부속치과병원의치과 급여>기본진료료>진찰료
AA207,―  AA207100,재진진찰료-상급종합병원에 설치된 치과대학부속치과병원의치과 급여>기본진료료>진찰료
AA207,―  AA207090,재진진찰료-상급종합병원에 설치된 치과대학부속치과병원의치과 급여>기본진료료>진찰료
AA207,―  AA207080,재진진찰료-상급종합병원에 설치된 치과대학부속치과병원의치과 급여>기본진료료>진찰료
AA207,―  AA207055,재진진찰료-상급종합병원에 설치된 치과대학부속치과병원의치과 급여>기본진료료>진찰료
AA207,―  AA207054,재진진찰료-상급종합병원에 설치된 치과대학부속치과병원의치과 급여>기본진료료>진찰료
AA207,―  AA207053,재진진찰료-상급종합병원에 설치된 치과대학부속치과병원의치과 급여>기본진료료>진찰료
AA207,―  AA207050,재진진찰료-상급종합병원에 설치된 치과대학부속치과병원의치과 급여>기본진료료>진찰료
AA207,―  AA207015,재진진찰료-상급종합병원에 설치된 치과대학부속치과병원의치과 급여>기본진료료>진찰료
AA207,―  AA207014,재진진찰료-상급종합병원에 설치된 치과대학부속치과병원의치과 급여>기본진료료>진찰료
AA207,―  AA207013,재진진찰료-상급종합병원에 설치된 치과대학부속치과병원의치과 급여>기본진료료>진찰료
AA207,―  AA207010,재진진찰료-상급종합병원에 설치된 치과대학부속치과병원의치과 급여>기본진료료>진찰료
AA207,―  AA207005,재진진찰료-상급종합병원에 설치된 치과대학부속치과병원의치과 급여>기본진료료>진찰료
AA207,―  AA207004,재진진찰료-상급종합병원에 설치된 치과대학부속치과병원의치과 급여>기본진료료>진찰료
AA207,―  AA207003,재진진찰료-상급종합병원에 설치된 치과대학부속치과병원의치과 급여>기본진료료>진찰료
AA209,―  AA209954,"재진진찰료-치과병원, 병원·요양병원·한방병원 내 치과의치과 급여>기본진료료>진찰료"
AA209,―  AA209953,"재진진찰료-치과병원, 병원·요양병원·한방병원 내 치과의치과 급여>기본진료료>진찰료"
AA209,―  AA209950,"재진진찰료-치과병원, 병원·요양병원·한방병원 내 치과의치과 급여>기본진료료>진찰료"
AA209,―  AA209914,"재진진찰료-치과병원, 병원·요양병원·한방병원 내 치과의치과 급여>기본진료료>진찰료"
AA209,―  AA209913,"재진진찰료-치과병원, 병원·요양병원·한방병원 내 치과의치과 급여>기본진료료>진찰료"
AA209,―  AA209910,"재진진찰료-치과병원, 병원·요양병원·한방병원 내 치과의치과 급여>기본진료료>진찰료"
AA209,―  AA209904,"재진진찰료-치과병원, 병원·요양병원·한방병원 내 치과의치과 급여>기본진료료>진찰료"
AA209,―  AA209903,"재진진찰료-치과병원, 병원·요양병원·한방병원 내 치과의치과 급여>기본진료료>진찰료"
AA209,―  AA209900,"재진진찰료-치과병원, 병원·요양병원·한방병원 내 치과의치과 급여>기본진료료>진찰료"
AA209,―  AA209652,"재진진찰료-치과병원, 병원·요양병원·한방병원 내 치과의치과 급여>기본진료료>진찰료"
AA209,―  AA209650,"재진진찰료-치과병원, 병원·요양병원·한방병원 내 치과의치과 급여>기본진료료>진찰료"
AA209,―  AA209622,"재진진찰료-치과병원, 병원·요양병원·한방병원 내 치과의치과 급여>기본진료료>진찰료"
AA209,―  AA209620,"재진진찰료-치과병원, 병원·요양병원·한방병원 내 치과의치과 급여>기본진료료>진찰료"
AA209,―  AA209612,"재진진찰료-치과병원, 병원·요양병원·한방병원 내 치과의치과 급여>기본진료료>진찰료"
AA209,―  AA209610,"재진진찰료-치과병원, 병원·요양병원·한방병원 내 치과의치과 급여>기본진료료>진찰료"
AA209,―  AA209602,"재진진찰료-치과병원, 병원·요양병원·한방병원 내 치과의치과 급여>기본진료료>진찰료"
AA209,―  AA209600,"재진진찰료-치과병원, 병원·요양병원·한방병원 내 치과의치과 급여>기본진료료>진찰료"
AA209,―  AA209152,"재진진찰료-치과병원, 병원·요양병원·한방병원 내 치과의치과 급여>기본진료료>진찰료"
AA209,―  AA209150,"재진진찰료-치과병원, 병원·요양병원·한방병원 내 치과의치과 급여>기본진료료>진찰료"
AA209,―  AA209122,"재진진찰료-치과병원, 병원·요양병원·한방병원 내 치과의치과 급여>기본진료료>진찰료"
AA209,―  AA209120,"재진진찰료-치과병원, 병원·요양병원·한방병원 내 치과의치과 급여>기본진료료>진찰료"
AA209,―  AA209112,"재진진찰료-치과병원, 병원·요양병원·한방병원 내 치과의치과 급여>기본진료료>진찰료"
AA209,―  AA209110,"재진진찰료-치과병원, 병원·요양병원·한방병원 내 치과의치과 급여>기본진료료>진찰료"
AA209,―  AA209102,"재진진찰료-치과병원, 병원·요양병원·한방병원 내 치과의치과 급여>기본진료료>진찰료"
AA209,―  AA209100,"재진진찰료-치과병원, 병원·요양병원·한방병원 내 치과의치과 급여>기본진료료>진찰료"
AA209,―  AA209090,"재진진찰료-치과병원, 병원·요양병원·한방병원 내 치과의치과 급여>기본진료료>진찰료"
AA209,―  AA209080,"재진진찰료-치과병원, 병원·요양병원·한방병원 내 치과의치과 급여>기본진료료>진찰료"
AA209,―  AA209054,"재진진찰료-치과병원, 병원·요양병원·한방병원 내 치과의치과 급여>기본진료료>진찰료"
AA209,―  AA209053,"재진진찰료-치과병원, 병원·요양병원·한방병원 내 치과의치과 급여>기본진료료>진찰료"
AA209,―  AA209050,"재진진찰료-치과병원, 병원·요양병원·한방병원 내 치과의치과 급여>기본진료료>진찰료"
AA209,―  AA209014,"재진진찰료-치과병원, 병원·요양병원·한방병원 내 치과의치과 급여>기본진료료>진찰료"
AA209,―  AA209013,"재진진찰료-치과병원, 병원·요양병원·한방병원 내 치과의치과 급여>기본진료료>진찰료"
AA209,―  AA209010,"재진진찰료-치과병원, 병원·요양병원·한방병원 내 치과의치과 급여>기본진료료>진찰료"
AA209,―  AA209004,"재진진찰료-치과병원, 병원·요양병원·한방병원 내 치과의치과 급여>기본진료료>진찰료"
AA209,―  AA209003,"재진진찰료-치과병원, 병원·요양병원·한방병원 내 치과의치과 급여>기본진료료>진찰료"
AA222,,"재진-물리치료,주사등을 시술받은 경우의치과 급여>기본진료료>진찰료"
AA250,―  AA250652,재진진찰료-의원-만성질환관리제의치과 급여>기본진료료>진찰료
AA250,―  AA250650,재진진찰료-의원-만성질환관리제의치과 급여>기본진료료>진찰료
AA250,―  AA250632,재진진찰료-의원-만성질환관리제의치과 급여>기본진료료>진찰료
AA250,―  AA250630,재진진찰료-의원-만성질환관리제의치과 급여>기본진료료>진찰료
AA250,―  AA250622,재진진찰료-의원-만성질환관리제의치과 급여>기본진료료>진찰료
AA250,―  AA250620,재진진찰료-의원-만성질환관리제의치과 급여>기본진료료>진찰료
AA250,―  AA250612,재진진찰료-의원-만성질환관리제의치과 급여>기본진료료>진찰료
AA250,―  AA250610,재진진찰료-의원-만성질환관리제의치과 급여>기본진료료>진찰료
AA250,―  AA250602,재진진찰료-의원-만성질환관리제의치과 급여>기본진료료>진찰료
AA250,―  AA250600,재진진찰료-의원-만성질환관리제의치과 급여>기본진료료>진찰료
AA250,―  AA250152,재진진찰료-의원-만성질환관리제의치과 급여>기본진료료>진찰료
AA250,―  AA250150,재진진찰료-의원-만성질환관리제의치과 급여>기본진료료>진찰료
AA250,―  AA250132,재진진찰료-의원-만성질환관리제의치과 급여>기본진료료>진찰료
AA250,―  AA250130,재진진찰료-의원-만성질환관리제의치과 급여>기본진료료>진찰료
AA250,―  AA250122,재진진찰료-의원-만성질환관리제의치과 급여>기본진료료>진찰료
AA250,―  AA250120,재진진찰료-의원-만성질환관리제의치과 급여>기본진료료>진찰료
AA250,―  AA250112,재진진찰료-의원-만성질환관리제의치과 급여>기본진료료>진찰료
AA250,―  AA250110,재진진찰료-의원-만성질환관리제의치과 급여>기본진료료>진찰료
AA250,―  AA250102,재진진찰료-의원-만성질환관리제의치과 급여>기본진료료>진찰료
AA250,―  AA250100,재진진찰료-의원-만성질환관리제의치과 급여>기본진료료>진찰료
AA250,―  AA250055,재진진찰료-의원-만성질환관리제의치과 급여>기본진료료>진찰료
AA250,―  AA250054,재진진찰료-의원-만성질환관리제의치과 급여>기본진료료>진찰료
AA250,―  AA250053,재진진찰료-의원-만성질환관리제의치과 급여>기본진료료>진찰료
AA250,―  AA250050,재진진찰료-의원-만성질환관리제의치과 급여>기본진료료>진찰료
AA250,―  AA250035,재진진찰료-의원-만성질환관리제의치과 급여>기본진료료>진찰료
AA250,―  AA250034,재진진찰료-의원-만성질환관리제의치과 급여>기본진료료>진찰료
AA250,―  AA250033,재진진찰료-의원-만성질환관리제의치과 급여>기본진료료>진찰료
AA250,―  AA250030,재진진찰료-의원-만성질환관리제의치과 급여>기본진료료>진찰료
AA250,―  AA250015,재진진찰료-의원-만성질환관리제의치과 급여>기본진료료>진찰료
AA250,―  AA250014,재진진찰료-의원-만성질환관리제의치과 급여>기본진료료>진찰료
AA250,―  AA250013,재진진찰료-의원-만성질환관리제의치과 급여>기본진료료>진찰료
AA250,―  AA250010,재진진찰료-의원-만성질환관리제의치과 급여>기본진료료>진찰료
AA250,―  AA250005,재진진찰료-의원-만성질환관리제의치과 급여>기본진료료>진찰료
AA250,―  AA250004,재진진찰료-의원-만성질환관리제의치과 급여>기본진료료>진찰료
AA250,―  AA250003,재진진찰료-의원-만성질환관리제의치과 급여>기본진료료>진찰료
AA250,―  AA250002,재진진찰료-부속 의료기관 의원-만성질환관리제의치과 급여>기본진료료>진찰료
AA254,―  AA254652,"재진진찰료-의원,보건의료원 내 의과의치과 급여>기본진료료>진찰료"
AA254,―  AA254650,"재진진찰료-의원,보건의료원 내 의과의치과 급여>기본진료료>진찰료"
AA254,―  AA254632,"재진진찰료-의원,보건의료원 내 의과의치과 급여>기본진료료>진찰료"
AA254,―  AA254630,"재진진찰료-의원,보건의료원 내 의과의치과 급여>기본진료료>진찰료"
AA254,―  AA254622,"재진진찰료-의원,보건의료원 내 의과의치과 급여>기본진료료>진찰료"
AA254,―  AA254621,재진진찰료-보건의료원 내 의과의치과 급여>기본진료료>진찰료
AA254,―  AA254620,"재진진찰료-의원,보건의료원 내 의과의치과 급여>기본진료료>진찰료"
AA254,―  AA254612,"재진진찰료-의원,보건의료원 내 의과의치과 급여>기본진료료>진찰료"
AA254,―  AA254611,재진진찰료-보건의료원 내 의과의치과 급여>기본진료료>진찰료
AA254,―  AA254610,"재진진찰료-의원,보건의료원 내 의과의치과 급여>기본진료료>진찰료"
AA254,―  AA254602,"재진진찰료-의원,보건의료원 내 의과의치과 급여>기본진료료>진찰료"
AA254,―  AA254600,"재진진찰료-의원,보건의료원 내 의과의치과 급여>기본진료료>진찰료"
AA254,―  AA254152,"재진진찰료-의원,보건의료원 내 의과의치과 급여>기본진료료>진찰료"
AA254,―  AA254150,"재진진찰료-의원,보건의료원 내 의과의치과 급여>기본진료료>진찰료"
AA254,―  AA254132,"재진진찰료-의원,보건의료원 내 의과의치과 급여>기본진료료>진찰료"
AA254,―  AA254130,"재진진찰료-의원,보건의료원 내 의과의치과 급여>기본진료료>진찰료"
AA254,―  AA254122,"재진진찰료-의원,보건의료원 내 의과의치과 급여>기본진료료>진찰료"
AA254,―  AA254121,재진진찰료-보건의료원 내 의과의치과 급여>기본진료료>진찰료
AA254,―  AA254120,"재진진찰료-의원,보건의료원 내 의과의치과 급여>기본진료료>진찰료"
AA254,―  AA254112,"재진진찰료-의원,보건의료원 내 의과의치과 급여>기본진료료>진찰료"
AA254,―  AA254111,재진진찰료-보건의료원 내 의과의치과 급여>기본진료료>진찰료
AA254,―  AA254110,"재진진찰료-의원,보건의료원 내 의과의치과 급여>기본진료료>진찰료"
AA254,―  AA254102,"재진진찰료-의원,보건의료원 내 의과의치과 급여>기본진료료>진찰료"
AA254,―  AA254100,"재진진찰료-의원,보건의료원 내 의과의치과 급여>기본진료료>진찰료"
AA254,―  AA254090,"재진진찰료-의원,보건의료원 내 의과의치과 급여>기본진료료>진찰료"
AA254,―  AA254080,"재진진찰료-의원,보건의료원 내 의과의치과 급여>기본진료료>진찰료"
AA254,―  AA254055,"재진진찰료-의원,보건의료원 내 의과의치과 급여>기본진료료>진찰료"
AA254,―  AA254054,"재진진찰료-의원,보건의료원 내 의과의치과 급여>기본진료료>진찰료"
AA254,―  AA254053,"재진진찰료-의원,보건의료원 내 의과의치과 급여>기본진료료>진찰료"
AA254,―  AA254050,"재진진찰료-의원,보건의료원 내 의과의치과 급여>기본진료료>진찰료"
AA254,―  AA254035,"재진진찰료-의원,보건의료원 내 의과의치과 급여>기본진료료>진찰료"
AA254,―  AA254034,"재진진찰료-의원,보건의료원 내 의과의치과 급여>기본진료료>진찰료"
AA254,―  AA254033,"재진진찰료-의원,보건의료원 내 의과의치과 급여>기본진료료>진찰료"
AA254,―  AA254030,"재진진찰료-의원,보건의료원 내 의과의치과 급여>기본진료료>진찰료"
AA254,―  AA254015,"재진진찰료-의원,보건의료원 내 의과의치과 급여>기본진료료>진찰료"
AA254,―  AA254014,"재진진찰료-의원,보건의료원 내 의과의치과 급여>기본진료료>진찰료"
AA254,―  AA254013,"재진진찰료-의원,보건의료원 내 의과의치과 급여>기본진료료>진찰료"
AA254,―  AA254011,재진진찰료-보건의료원 내 의과의치과 급여>기본진료료>진찰료
AA254,―  AA254010,"재진진찰료-의원,보건의료원 내 의과의치과 급여>기본진료료>진찰료"
AA254,―  AA254005,"재진진찰료-의원,보건의료원 내 의과의치과 급여>기본진료료>진찰료"
AA254,―  AA254004,"재진진찰료-의원,보건의료원 내 의과의치과 급여>기본진료료>진찰료"
AA254,―  AA254003,"재진진찰료-의원,보건의료원 내 의과의치과 급여>기본진료료>진찰료"
AA254,―  AA254002,재진진찰료-부속 의료기관 의원의치과 급여>기본진료료>진찰료
AA255,―  AA255950,"재진진찰료-병원, 요양병원·한방병원·치과병원 내 의과의치과 급여>기본진료료>진찰료"
AA255,―  AA255910,"재진진찰료-병원, 요양병원·한방병원·치과병원 내 의과의치과 급여>기본진료료>진찰료"
AA255,―  AA255900,"재진진찰료-병원, 요양병원·한방병원·치과병원 내 의과의치과 급여>기본진료료>진찰료"
AA255,―  AA255652,"재진진찰료-병원, 요양병원·한방병원·치과병원 내 의과의치과 급여>기본진료료>진찰료"
AA255,―  AA255650,"재진진찰료-병원, 요양병원·한방병원·치과병원 내 의과의치과 급여>기본진료료>진찰료"
AA255,―  AA255622,"재진진찰료-병원, 요양병원·한방병원·치과병원 내 의과의치과 급여>기본진료료>진찰료"
AA255,―  AA255620,"재진진찰료-병원, 요양병원·한방병원·치과병원 내 의과의치과 급여>기본진료료>진찰료"
AA255,―  AA255612,"재진진찰료-병원, 요양병원·한방병원·치과병원 내 의과의치과 급여>기본진료료>진찰료"
AA255,―  AA255610,"재진진찰료-병원, 요양병원·한방병원·치과병원 내 의과의치과 급여>기본진료료>진찰료"
AA255,―  AA255602,"재진진찰료-병원, 요양병원·한방병원·치과병원 내 의과의치과 급여>기본진료료>진찰료"
AA255,―  AA255600,"재진진찰료-병원, 요양병원·한방병원·치과병원 내 의과의치과 급여>기본진료료>진찰료"
AA255,―  AA255152,"재진진찰료-병원, 요양병원·한방병원·치과병원 내 의과의치과 급여>기본진료료>진찰료"
AA255,―  AA255150,"재진진찰료-병원, 요양병원·한방병원·치과병원 내 의과의치과 급여>기본진료료>진찰료"
AA255,―  AA255122,"재진진찰료-병원, 요양병원·한방병원·치과병원 내 의과의치과 급여>기본진료료>진찰료"
AA255,―  AA255120,"재진진찰료-병원, 요양병원·한방병원·치과병원 내 의과의치과 급여>기본진료료>진찰료"
AA255,―  AA255112,"재진진찰료-병원, 요양병원·한방병원·치과병원 내 의과의치과 급여>기본진료료>진찰료"
AA255,―  AA255110,"재진진찰료-병원, 요양병원·한방병원·치과병원 내 의과의치과 급여>기본진료료>진찰료"
AA255,―  AA255102,"재진진찰료-병원, 요양병원·한방병원·치과병원 내 의과의치과 급여>기본진료료>진찰료"
AA255,―  AA255100,"재진진찰료-병원, 요양병원·한방병원·치과병원 내 의과의치과 급여>기본진료료>진찰료"
AA255,―  AA255090,"재진진찰료-병원, 요양병원·한방병원·치과병원 내 의과의치과 급여>기본진료료>진찰료"
AA255,―  AA255080,"재진진찰료-병원, 요양병원·한방병원·치과병원 내 의과의치과 급여>기본진료료>진찰료"
AA255,―  AA255055,"재진진찰료-병원, 요양병원·한방병원·치과병원 내 의과의치과 급여>기본진료료>진찰료"
AA255,―  AA255054,"재진진찰료-병원, 요양병원·한방병원·치과병원 내 의과의치과 급여>기본진료료>진찰료"
AA255,―  AA255053,"재진진찰료-병원, 요양병원·한방병원·치과병원 내 의과의치과 급여>기본진료료>진찰료"
AA255,―  AA255050,"재진진찰료-병원, 요양병원·한방병원·치과병원 내 의과의치과 급여>기본진료료>진찰료"
AA255,―  AA255015,"재진진찰료-병원, 요양병원·한방병원·치과병원 내 의과의치과 급여>기본진료료>진찰료"
AA255,―  AA255014,"재진진찰료-병원, 요양병원·한방병원·치과병원 내 의과의치과 급여>기본진료료>진찰료"
AA255,―  AA255013,"재진진찰료-병원, 요양병원·한방병원·치과병원 내 의과의치과 급여>기본진료료>진찰료"
AA255,―  AA255010,"재진진찰료-병원, 요양병원·한방병원·치과병원 내 의과의치과 급여>기본진료료>진찰료"
AA255,―  AA255005,"재진진찰료-병원, 요양병원·한방병원·치과병원 내 의과의치과 급여>기본진료료>진찰료"
AA255,―  AA255004,"재진진찰료-병원, 요양병원·한방병원·치과병원 내 의과의치과 급여>기본진료료>진찰료"
AA255,―  AA255003,"재진진찰료-병원, 요양병원·한방병원·치과병원 내 의과의치과 급여>기본진료료>진찰료"
AA255,―  AA255002,재진진찰료-부속 의료기관 병원급 의과의치과 급여>기본진료료>진찰료
AA256,―  AA256954,재진진찰료-종합병원의치과 급여>기본진료료>진찰료
AA256,―  AA256953,재진진찰료-종합병원의치과 급여>기본진료료>진찰료
AA256,―  AA256950,재진진찰료-종합병원의치과 급여>기본진료료>진찰료
AA256,―  AA256914,재진진찰료-종합병원의치과 급여>기본진료료>진찰료
AA256,―  AA256913,재진진찰료-종합병원의치과 급여>기본진료료>진찰료
AA256,―  AA256910,재진진찰료-종합병원의치과 급여>기본진료료>진찰료
AA256,―  AA256904,재진진찰료-종합병원의치과 급여>기본진료료>진찰료
AA256,―  AA256903,재진진찰료-종합병원의치과 급여>기본진료료>진찰료
AA256,―  AA256900,재진진찰료-종합병원의치과 급여>기본진료료>진찰료
AA256,―  AA256652,재진진찰료-종합병원의치과 급여>기본진료료>진찰료
AA256,―  AA256650,재진진찰료-종합병원의치과 급여>기본진료료>진찰료
AA256,―  AA256612,재진진찰료-종합병원의치과 급여>기본진료료>진찰료
AA256,―  AA256610,재진진찰료-종합병원의치과 급여>기본진료료>진찰료
AA256,―  AA256602,재진진찰료-종합병원의치과 급여>기본진료료>진찰료
AA256,―  AA256600,재진진찰료-종합병원의치과 급여>기본진료료>진찰료
AA256,―  AA256152,재진진찰료-종합병원의치과 급여>기본진료료>진찰료
AA256,―  AA256150,재진진찰료-종합병원의치과 급여>기본진료료>진찰료
AA256,―  AA256112,재진진찰료-종합병원의치과 급여>기본진료료>진찰료
AA256,―  AA256110,재진진찰료-종합병원의치과 급여>기본진료료>진찰료
AA256,―  AA256102,재진진찰료-종합병원의치과 급여>기본진료료>진찰료
AA256,―  AA256100,재진진찰료-종합병원의치과 급여>기본진료료>진찰료
AA256,―  AA256090,재진진찰료-종합병원의치과 급여>기본진료료>진찰료
AA256,―  AA256080,재진진찰료-종합병원의치과 급여>기본진료료>진찰료
AA256,―  AA256055,재진진찰료-종합병원의치과 급여>기본진료료>진찰료
AA256,―  AA256054,재진진찰료-종합병원의치과 급여>기본진료료>진찰료
AA256,―  AA256053,재진진찰료-종합병원의치과 급여>기본진료료>진찰료
AA256,―  AA256050,재진진찰료-종합병원의치과 급여>기본진료료>진찰료
AA256,―  AA256015,재진진찰료-종합병원의치과 급여>기본진료료>진찰료
AA256,―  AA256014,재진진찰료-종합병원의치과 급여>기본진료료>진찰료
AA256,―  AA256013,재진진찰료-종합병원의치과 급여>기본진료료>진찰료
AA256,―  AA256010,재진진찰료-종합병원의치과 급여>기본진료료>진찰료
AA256,―  AA256005,재진진찰료-종합병원의치과 급여>기본진료료>진찰료
AA256,―  AA256004,재진진찰료-종합병원의치과 급여>기본진료료>진찰료
AA256,―  AA256003,재진진찰료-종합병원의치과 급여>기본진료료>진찰료
AA257,―  AA257954,재진진찰료-상급종합병원의치과 급여>기본진료료>진찰료
AA257,―  AA257953,재진진찰료-상급종합병원의치과 급여>기본진료료>진찰료
AA257,―  AA257950,재진진찰료-상급종합병원의치과 급여>기본진료료>진찰료
AA257,―  AA257914,재진진찰료-상급종합병원의치과 급여>기본진료료>진찰료
AA257,―  AA257913,재진진찰료-상급종합병원의치과 급여>기본진료료>진찰료
AA257,―  AA257910,재진진찰료-상급종합병원의치과 급여>기본진료료>진찰료
AA257,―  AA257904,재진진찰료-상급종합병원의치과 급여>기본진료료>진찰료
AA257,―  AA257903,재진진찰료-상급종합병원의치과 급여>기본진료료>진찰료
AA257,―  AA257900,재진진찰료-상급종합병원의치과 급여>기본진료료>진찰료
AA257,―  AA257652,재진진찰료-상급종합병원의치과 급여>기본진료료>진찰료
AA257,―  AA257650,재진진찰료-상급종합병원의치과 급여>기본진료료>진찰료
AA257,―  AA257612,재진진찰료-상급종합병원의치과 급여>기본진료료>진찰료
AA257,―  AA257610,재진진찰료-상급종합병원의치과 급여>기본진료료>진찰료
AA257,―  AA257602,재진진찰료-상급종합병원의치과 급여>기본진료료>진찰료
AA257,―  AA257600,재진진찰료-상급종합병원의치과 급여>기본진료료>진찰료
AA257,―  AA257152,재진진찰료-상급종합병원의치과 급여>기본진료료>진찰료
AA257,―  AA257150,재진진찰료-상급종합병원의치과 급여>기본진료료>진찰료
AA257,―  AA257112,재진진찰료-상급종합병원의치과 급여>기본진료료>진찰료
AA257,―  AA257110,재진진찰료-상급종합병원의치과 급여>기본진료료>진찰료
AA257,―  AA257102,재진진찰료-상급종합병원의치과 급여>기본진료료>진찰료
AA257,―  AA257100,재진진찰료-상급종합병원의치과 급여>기본진료료>진찰료
AA257,―  AA257090,재진진찰료-상급종합병원의치과 급여>기본진료료>진찰료
AA257,―  AA257080,재진진찰료-상급종합병원의치과 급여>기본진료료>진찰료
AA257,―  AA257055,재진진찰료-상급종합병원의치과 급여>기본진료료>진찰료
AA257,―  AA257054,재진진찰료-상급종합병원의치과 급여>기본진료료>진찰료
AA257,―  AA257053,재진진찰료-상급종합병원의치과 급여>기본진료료>진찰료
AA257,―  AA257050,재진진찰료-상급종합병원의치과 급여>기본진료료>진찰료
AA257,―  AA257015,재진진찰료-상급종합병원의치과 급여>기본진료료>진찰료
AA257,―  AA257014,재진진찰료-상급종합병원의치과 급여>기본진료료>진찰료
AA257,―  AA257013,재진진찰료-상급종합병원의치과 급여>기본진료료>진찰료
AA257,―  AA257010,재진진찰료-상급종합병원의치과 급여>기본진료료>진찰료
AA257,―  AA257005,재진진찰료-상급종합병원의치과 급여>기본진료료>진찰료
AA257,―  AA257004,재진진찰료-상급종합병원의치과 급여>기본진료료>진찰료
AA257,―  AA257003,재진진찰료-상급종합병원의치과 급여>기본진료료>진찰료
AB100,―  AB100904,상급종합병원기본입원료의치과 급여>기본진료료>입원료
AB100,―  AB100903,상급종합병원기본입원료의치과 급여>기본진료료>입원료
AB100,―  AB100900,상급종합병원기본입원료의치과 급여>기본진료료>입원료
AB100,―  AB100804,상급종합병원기본입원료의치과 급여>기본진료료>입원료
AB100,―  AB100803,상급종합병원기본입원료의치과 급여>기본진료료>입원료
AB100,―  AB100800,상급종합병원기본입원료의치과 급여>기본진료료>입원료
AB100,―  AB100204,상급종합병원기본입원료의치과 급여>기본진료료>입원료
AB100,―  AB100203,상급종합병원기본입원료의치과 급여>기본진료료>입원료
AB100,―  AB100200,상급종합병원기본입원료의치과 급여>기본진료료>입원료
AB100,―  AB100104,상급종합병원기본입원료의치과 급여>기본진료료>입원료
AB100,―  AB100103,상급종합병원기본입원료의치과 급여>기본진료료>입원료
AB100,―  AB100100,상급종합병원기본입원료의치과 급여>기본진료료>입원료
AB100,―  AB100004,상급종합병원기본입원료의치과 급여>기본진료료>입원료
AB100,―  AB100003,상급종합병원기본입원료의치과 급여>기본진료료>입원료
AB101,―  AB101904,상급종합병원1등급간호관리료적용기본입원료의치과 급여>기본진료료>입원료
AB101,―  AB101903,상급종합병원1등급간호관리료적용기본입원료의치과 급여>기본진료료>입원료
AB101,―  AB101900,상급종합병원1등급간호관리료적용기본입원료의치과 급여>기본진료료>입원료
AB101,―  AB101804,상급종합병원1등급간호관리료적용기본입원료의치과 급여>기본진료료>입원료
AB101,―  AB101803,상급종합병원1등급간호관리료적용기본입원료의치과 급여>기본진료료>입원료
AB101,―  AB101800,상급종합병원1등급간호관리료적용기본입원료의치과 급여>기본진료료>입원료
AB101,―  AB101204,상급종합병원1등급간호관리료적용기본입원료의치과 급여>기본진료료>입원료
AB101,―  AB101203,상급종합병원1등급간호관리료적용기본입원료의치과 급여>기본진료료>입원료
AB101,―  AB101200,상급종합병원1등급간호관리료적용기본입원료의치과 급여>기본진료료>입원료
AB101,―  AB101104,상급종합병원1등급간호관리료적용기본입원료의치과 급여>기본진료료>입원료
AB101,―  AB101103,상급종합병원1등급간호관리료적용기본입원료의치과 급여>기본진료료>입원료
AB101,―  AB101100,상급종합병원1등급간호관리료적용기본입원료의치과 급여>기본진료료>입원료
AB101,―  AB101004,상급종합병원1등급간호관리료적용기본입원료의치과 급여>기본진료료>입원료
AB101,―  AB101003,상급종합병원1등급간호관리료적용기본입원료의치과 급여>기본진료료>입원료
