parent_code,child_code,hierarchy_level,is_parent,수가코드,행위명_기본,분류코드,분류단계,행위명(한글),행위명(영문),수술여부,상대가치점수,급여여부,페이지,수집일시,병원급이상단가,보건기관단가,본인부담률50/100,본인부담률80/100,본인부담률90/100,의원단가,조산원단가,중복인정여부,치과병의원단가,한방병원단가
AA100,AA100,0,True,AA100,"초진진찰료-치과의원, 보건의료원 내 치과의치과 급여>기본진료료>진찰료",,,,,,,,1,2025-08-05T17:27:54.000434,,,,,,,,,,
AA106,AA106,0,True,AA106,초진진찰료-상급종병에 설치된 경우를 제외한 치과대학부속치과병원의치과 급여>기본진료료>진찰료,,,,,,,,1,2025-08-05T17:28:16.673312,,,,,,,,,,
AA107,AA107,0,True,AA107,초진진찰료-상급종합병원에 설치된 치과대학부속치과병원의치과 급여>기본진료료>진찰료,,,,,,,,1,2025-08-05T17:28:39.822734,,,,,,,,,,
AA109,AA109,0,True,AA109,"초진진찰료-치과병원, 병원·요양병원·한방병원 내 치과의치과 급여>기본진료료>진찰료",,,,,,,,1,2025-08-05T17:29:02.987795,,,,,,,,,,
AA154,AA154,0,True,AA154,"초진진찰료-의원,보건의료원 내 의과의치과 급여>기본진료료>진찰료",,,,,,,,1,2025-08-05T17:29:26.476119,,,,,,,,,,
AA155,AA155,0,True,AA155,"초진진찰료-병원, 요양병원·한방병원·치과병원 내 의과의치과 급여>기본진료료>진찰료",,,,,,,,1,2025-08-05T17:29:50.309218,,,,,,,,,,
AA156,AA156,0,True,AA156,초진진찰료-종합병원의치과 급여>기본진료료>진찰료,,,,,,,,1,2025-08-05T17:30:14.818136,,,,,,,,,,
AA157,AA157,0,True,AA157,초진진찰료-상급종합병원의치과 급여>기본진료료>진찰료,,,,,,,,1,2025-08-05T17:30:39.305314,,,,,,,,,,
AA200,AA200,0,True,AA200,"재진진찰료-치과의원, 보건의료원 내 치과의치과 급여>기본진료료>진찰료",,,,,,,,1,2025-08-05T17:31:04.401175,,,,,,,,,,
AA206,AA206,0,True,AA206,재진진찰료-상급종병에 설치된 경우를 제외한 치과대학부속치과병원의치과 급여>기본진료료>진찰료,,,,,,,,1,2025-08-05T17:31:29.156649,,,,,,,,,,
AA207,AA207,0,True,AA207,재진진찰료-상급종합병원에 설치된 치과대학부속치과병원의치과 급여>기본진료료>진찰료,,,,,,,,1,2025-08-05T17:31:54.277089,,,,,,,,,,
AA209,AA209,0,True,AA209,"재진진찰료-치과병원, 병원·요양병원·한방병원 내 치과의치과 급여>기본진료료>진찰료",,,,,,,,1,2025-08-05T17:32:19.751213,,,,,,,,,,
AA222,AA222,0,True,AA222,"재진-물리치료,주사등을 시술받은 경우의치과 급여>기본진료료>진찰료",가1나주6,의치과 급여>기본진료료>진찰료,"재진-물리치료,주사등을 시술받은 경우",Outpatient Care-Established Patient,O,49.09,급여,1,2025-08-05T17:32:30.628913,"3,680원","4,000원",N,N,N,"4,090원",0원,N,"4,160원","4,160원"
AA250,AA250,0,True,AA222,재진진찰료-의원-만성질환관리제의치과 급여>기본진료료>진찰료,가1나주6,의치과 급여>기본진료료>진찰료,"재진-물리치료,주사등을 시술받은 경우",Outpatient Care-Established Patient,O,49.09,급여,1,2025-08-05T17:32:41.622306,"3,680원","4,000원",N,N,N,"4,090원",0원,N,"4,160원","4,160원"
AA254,AA254,0,True,AA222,"재진진찰료-의원,보건의료원 내 의과의치과 급여>기본진료료>진찰료",가1나주6,의치과 급여>기본진료료>진찰료,"재진-물리치료,주사등을 시술받은 경우",Outpatient Care-Established Patient,O,49.09,급여,1,2025-08-05T17:32:52.427902,"3,680원","4,000원",N,N,N,"4,090원",0원,N,"4,160원","4,160원"
AA255,AA255,0,True,AA222,"재진진찰료-병원, 요양병원·한방병원·치과병원 내 의과의치과 급여>기본진료료>진찰료",가1나주6,의치과 급여>기본진료료>진찰료,"재진-물리치료,주사등을 시술받은 경우",Outpatient Care-Established Patient,O,49.09,급여,1,2025-08-05T17:33:04.880621,"3,680원","4,000원",N,N,N,"4,090원",0원,N,"4,160원","4,160원"
AA256,AA256,0,True,AA222,재진진찰료-종합병원의치과 급여>기본진료료>진찰료,가1나주6,의치과 급여>기본진료료>진찰료,"재진-물리치료,주사등을 시술받은 경우",Outpatient Care-Established Patient,O,49.09,급여,1,2025-08-05T17:33:16.372315,"3,680원","4,000원",N,N,N,"4,090원",0원,N,"4,160원","4,160원"
AA257,AA257,0,True,AA222,재진진찰료-상급종합병원의치과 급여>기본진료료>진찰료,가1나주6,의치과 급여>기본진료료>진찰료,"재진-물리치료,주사등을 시술받은 경우",Outpatient Care-Established Patient,O,49.09,급여,1,2025-08-05T17:33:28.326851,"3,680원","4,000원",N,N,N,"4,090원",0원,N,"4,160원","4,160원"
AB100,AB100,0,True,AA222,상급종합병원기본입원료의치과 급여>기본진료료>입원료,가1나주6,의치과 급여>기본진료료>진찰료,"재진-물리치료,주사등을 시술받은 경우",Outpatient Care-Established Patient,O,49.09,급여,1,2025-08-05T17:33:40.163175,"3,680원","4,000원",N,N,N,"4,090원",0원,N,"4,160원","4,160원"
AB101,AB101,0,True,AA222,상급종합병원1등급간호관리료적용기본입원료의치과 급여>기본진료료>입원료,가1나주6,의치과 급여>기본진료료>진찰료,"재진-물리치료,주사등을 시술받은 경우",Outpatient Care-Established Patient,O,49.09,급여,1,2025-08-05T17:33:52.886289,"3,680원","4,000원",N,N,N,"4,090원",0원,N,"4,160원","4,160원"
AB102,AB102,0,True,AB102,상급종합병원2등급간호관리료적용기본입원료의치과 급여>기본진료료>입원료,,,,,,,,2,2025-08-05T17:34:22.787259,,,,,,,,,,
AB103,AB103,0,True,AB103,상급종합병원3등급간호관리료적용기본입원료의치과 급여>기본진료료>입원료,,,,,,,,2,2025-08-05T17:34:45.343524,,,,,,,,,,
AB104,AB104,0,True,AB104,상급종합병원4등급간호관리료적용기본입원료의치과 급여>기본진료료>입원료,,,,,,,,2,2025-08-05T17:35:07.985076,,,,,,,,,,
AB105,AB105,0,True,AB105,상급종합병원5등급간호관리료적용기본입원료의치과 급여>기본진료료>입원료,,,,,,,,2,2025-08-05T17:35:30.767148,,,,,,,,,,
AB120,AB120,0,True,AB120,상급종합병원5인실입원료의치과 급여>기본진료료>입원료,,,,,,,,2,2025-08-05T17:35:53.573923,,,,,,,,,,
AB121,AB121,0,True,AB121,상급종합병원1등급간호관리료적용5인실입원료의치과 급여>기본진료료>입원료,,,,,,,,2,2025-08-05T17:36:16.573323,,,,,,,,,,
AB122,AB122,0,True,AB122,상급종합병원2등급간호관리료적용5인실입원료의치과 급여>기본진료료>입원료,,,,,,,,2,2025-08-05T17:36:39.624687,,,,,,,,,,
AB123,AB123,0,True,AB123,상급종합병원3등급간호관리료적용5인실입원료의치과 급여>기본진료료>입원료,,,,,,,,2,2025-08-05T17:37:02.730252,,,,,,,,,,
AB124,AB124,0,True,AB124,상급종합병원4등급간호관리료적용5인실입원료의치과 급여>기본진료료>입원료,,,,,,,,2,2025-08-05T17:37:25.992496,,,,,,,,,,
AB125,AB125,0,True,AB125,상급종합병원5등급간호관리료적용5인실입원료의치과 급여>기본진료료>입원료,,,,,,,,2,2025-08-05T17:37:49.968847,,,,,,,,,,
AB140,AB140,0,True,AB140,상급종합병원4인실입원료의치과 급여>기본진료료>입원료,,,,,,,,2,2025-08-05T17:38:13.440549,,,,,,,,,,
AB141,AB141,0,True,AB141,상급종합병원1등급간호관리료적용4인실입원료의치과 급여>기본진료료>입원료,,,,,,,,2,2025-08-05T17:38:37.455276,,,,,,,,,,
AB142,AB142,0,True,AB142,상급종합병원2등급간호관리료적용4인실입원료의치과 급여>기본진료료>입원료,,,,,,,,2,2025-08-05T17:39:01.196772,,,,,,,,,,
AB143,AB143,0,True,AB143,상급종합병원3등급간호관리료적용4인실입원료의치과 급여>기본진료료>입원료,,,,,,,,2,2025-08-05T17:39:24.913119,,,,,,,,,,
AB144,AB144,0,True,AB144,상급종합병원4등급간호관리료적용4인실입원료의치과 급여>기본진료료>입원료,,,,,,,,2,2025-08-05T17:39:48.766735,,,,,,,,,,
AB145,AB145,0,True,AB145,상급종합병원5등급간호관리료적용4인실입원료의치과 급여>기본진료료>입원료,,,,,,,,2,2025-08-05T17:40:12.849166,,,,,,,,,,
AB160,AB160,0,True,AB160,상급종합병원3인실입원료의치과 급여>기본진료료>입원료,,,,,,,,2,2025-08-05T17:40:37.274503,,,,,,,,,,
AB161,AB161,0,True,AB161,상급종합병원1등급간호관리료적용3인실입원료의치과 급여>기본진료료>입원료,,,,,,,,2,2025-08-05T17:41:01.540515,,,,,,,,,,
AB162,AB162,0,True,AB162,상급종합병원2등급간호관리료적용3인실입원료의치과 급여>기본진료료>입원료,,,,,,,,2,2025-08-05T17:41:25.746931,,,,,,,,,,
AB163,AB163,0,True,AB163,상급종합병원3등급간호관리료적용3인실입원료의치과 급여>기본진료료>입원료,,,,,,,,2,2025-08-05T17:41:51.360260,,,,,,,,,,
AB164,AB164,0,True,AB164,상급종합병원4등급간호관리료적용3인실입원료의치과 급여>기본진료료>입원료,,,,,,,,3,2025-08-05T17:42:18.494319,,,,,,,,,,
AB165,AB165,0,True,AB165,상급종합병원5등급간호관리료적용3인실입원료의치과 급여>기본진료료>입원료,,,,,,,,3,2025-08-05T17:42:41.047585,,,,,,,,,,
AB170,AB170,0,True,AB170,상급종합병원2인실입원료의치과 급여>기본진료료>입원료,,,,,,,,3,2025-08-05T17:43:03.770698,,,,,,,,,,
AB171,AB171,0,True,AB171,상급종합병원1등급간호관리료적용2인실입원료의치과 급여>기본진료료>입원료,,,,,,,,3,2025-08-05T17:43:26.477355,,,,,,,,,,
AB172,AB172,0,True,AB172,상급종합병원2등급간호관리료적용2인실입원료의치과 급여>기본진료료>입원료,,,,,,,,3,2025-08-05T17:43:49.324384,,,,,,,,,,
AB173,AB173,0,True,AB173,상급종합병원3등급간호관리료적용2인실입원료의치과 급여>기본진료료>입원료,,,,,,,,3,2025-08-05T17:44:12.293073,,,,,,,,,,
AB174,AB174,0,True,AB174,상급종합병원4등급간호관리료적용2인실입원료의치과 급여>기본진료료>입원료,,,,,,,,3,2025-08-05T17:44:35.776919,,,,,,,,,,
AB175,AB175,0,True,AB175,상급종합병원5등급간호관리료적용2인실입원료의치과 급여>기본진료료>입원료,,,,,,,,3,2025-08-05T17:44:58.934923,,,,,,,,,,
AB200,AB200,0,True,AB200,종합병원기본입원료의치과 급여>기본진료료>입원료,,,,,,,,3,2025-08-05T17:45:22.240477,,,,,,,,,,
AB201,AB201,0,True,AB201,종합병원1등급간호관리료적용기본입원료의치과 급여>기본진료료>입원료,,,,,,,,3,2025-08-05T17:45:45.497078,,,,,,,,,,
AB202,AB202,0,True,AB202,종합병원2등급간호관리료적용기본입원료의치과 급여>기본진료료>입원료,,,,,,,,3,2025-08-05T17:46:09.016048,,,,,,,,,,
AB203,AB203,0,True,AB203,종합병원3등급간호관리료적용기본입원료의치과 급여>기본진료료>입원료,,,,,,,,3,2025-08-05T17:46:32.527954,,,,,,,,,,
AB204,AB204,0,True,AB204,종합병원4등급간호관리료적용기본입원료의치과 급여>기본진료료>입원료,,,,,,,,3,2025-08-05T17:46:56.643559,,,,,,,,,,
AB205,AB205,0,True,AB205,종합병원5등급간호관리료적용기본입원료의치과 급여>기본진료료>입원료,,,,,,,,3,2025-08-05T17:47:21.018874,,,,,,,,,,
AB207,AB207,0,True,AB207,종합병원7등급간호관리료적용기본입원료-서울특별시및광역시구지역소재요양기관의치과 급여>기본진료료>입원료,,,,,,,,3,2025-08-05T17:47:44.968340,,,,,,,,,,
AB217,AB217,0,True,AB217,"종합병원7등급간호관리료적용기본입원료-의료취약지역,서울특별시및광역시구지역소재요양기관이아닌경우의치과 급여>기본진료료>입원료",,,,,,,,3,2025-08-05T17:48:09.450748,,,,,,,,,,
AB220,AB220,0,True,AB220,종합병원5인실입원료의치과 급여>기본진료료>입원료,,,,,,,,3,2025-08-05T17:48:34.122648,,,,,,,,,,
AB221,AB221,0,True,AB221,종합병원1등급간호관리료적용5인실입원료의치과 급여>기본진료료>입원료,,,,,,,,3,2025-08-05T17:48:58.358766,,,,,,,,,,
AB222,AB222,0,True,AB222,종합병원2등급간호관리료적용5인실입원료의치과 급여>기본진료료>입원료,,,,,,,,3,2025-08-05T17:49:22.854862,,,,,,,,,,
AB223,AB223,0,True,AB223,종합병원3등급간호관리료적용5인실입원료의치과 급여>기본진료료>입원료,,,,,,,,3,2025-08-05T17:49:47.333326,,,,,,,,,,
AB224,AB224,0,True,AB224,종합병원4등급간호관리료적용5인실입원료의치과 급여>기본진료료>입원료,,,,,,,,4,2025-08-05T17:50:14.766216,,,,,,,,,,
AB225,AB225,0,True,AB225,종합병원5등급간호관리료적용5인실입원료의치과 급여>기본진료료>입원료,,,,,,,,4,2025-08-05T17:50:37.335340,,,,,,,,,,
AB227,AB227,0,True,AB227,종합병원7등급간호관리료적용5인실입원료-서울특별시및광역시구지역소재요양기관의치과 급여>기본진료료>입원료,,,,,,,,4,2025-08-05T17:50:59.938697,,,,,,,,,,
AB237,AB237,0,True,AB237,"종합병원7등급간호관리료적용5인실입원료-의료취약지역,서울특별시및광역시구지역소재요양기관이아닌경우의치과 급여>기본진료료>입원료",,,,,,,,4,2025-08-05T17:51:22.705336,,,,,,,,,,
AB240,AB240,0,True,AB240,종합병원4인실입원료의치과 급여>기본진료료>입원료,,,,,,,,4,2025-08-05T17:51:46.252056,,,,,,,,,,
AB241,AB241,0,True,AB241,종합병원1등급간호관리료적용4인실입원료의치과 급여>기본진료료>입원료,,,,,,,,4,2025-08-05T17:52:09.201344,,,,,,,,,,
AB242,AB242,0,True,AB242,종합병원2등급간호관리료적용4인실입원료의치과 급여>기본진료료>입원료,,,,,,,,4,2025-08-05T17:52:32.280535,,,,,,,,,,
AB243,AB243,0,True,AB243,종합병원3등급간호관리료적용4인실입원료의치과 급여>기본진료료>입원료,,,,,,,,4,2025-08-05T17:52:55.792388,,,,,,,,,,
AB244,AB244,0,True,AB244,종합병원4등급간호관리료적용4인실입원료의치과 급여>기본진료료>입원료,,,,,,,,4,2025-08-05T17:53:19.652767,,,,,,,,,,
AB245,AB245,0,True,AB245,종합병원5등급간호관리료적용4인실입원료의치과 급여>기본진료료>입원료,,,,,,,,4,2025-08-05T17:53:43.114854,,,,,,,,,,
AB247,AB247,0,True,AB247,종합병원7등급간호관리료적용4인실입원료-서울특별시및광역시구지역소재요양기관의치과 급여>기본진료료>입원료,,,,,,,,4,2025-08-05T17:54:06.604025,,,,,,,,,,
AB257,AB257,0,True,AB257,"종합병원7등급간호관리료적용4인실입원료-의료취약지역,서울특별시및광역시구지역소재요양기관이아닌경우의치과 급여>기본진료료>입원료",,,,,,,,4,2025-08-05T17:54:30.099243,,,,,,,,,,
AB260,AB260,0,True,AB260,종합병원3인실입원료의치과 급여>기본진료료>입원료,,,,,,,,4,2025-08-05T17:54:53.820295,,,,,,,,,,
AB261,AB261,0,True,AB261,종합병원1등급간호관리료적용3인실입원료의치과 급여>기본진료료>입원료,,,,,,,,4,2025-08-05T17:55:18.131133,,,,,,,,,,
AB262,AB262,0,True,AB262,종합병원2등급간호관리료적용3인실입원료의치과 급여>기본진료료>입원료,,,,,,,,4,2025-08-05T17:55:41.965508,,,,,,,,,,
AB263,AB263,0,True,AB263,종합병원3등급간호관리료적용3인실입원료의치과 급여>기본진료료>입원료,,,,,,,,4,2025-08-05T17:56:06.005329,,,,,,,,,,
AB264,AB264,0,True,AB264,종합병원4등급간호관리료적용3인실입원료의치과 급여>기본진료료>입원료,,,,,,,,4,2025-08-05T17:56:30.110015,,,,,,,,,,
AB265,AB265,0,True,AB265,종합병원5등급간호관리료적용3인실입원료의치과 급여>기본진료료>입원료,,,,,,,,4,2025-08-05T17:56:55.403535,,,,,,,,,,
AB267,AB267,0,True,AB267,종합병원7등급간호관리료적용3인실입원료-서울특별시및광역시구지역소재요양기관의치과 급여>기본진료료>입원료,,,,,,,,4,2025-08-05T17:57:19.848148,,,,,,,,,,
AB270,AB270,0,True,AB270,종합병원2인실입원료의치과 급여>기본진료료>입원료,,,,,,,,4,2025-08-05T17:57:44.238925,,,,,,,,,,
AB271,AB271,0,True,AB271,종합병원1등급간호관리료적용2인실입원료의치과 급여>기본진료료>입원료,,,,,,,,5,2025-08-05T17:58:11.786410,,,,,,,,,,
AB272,AB272,0,True,AB272,종합병원2등급간호관리료적용2인실입원료의치과 급여>기본진료료>입원료,,,,,,,,5,2025-08-05T17:58:34.362021,,,,,,,,,,
AB273,AB273,0,True,AB273,종합병원3등급간호관리료적용2인실입원료의치과 급여>기본진료료>입원료,,,,,,,,5,2025-08-05T17:58:56.997159,,,,,,,,,,
AB274,AB274,0,True,AB274,종합병원4등급간호관리료적용2인실입원료의치과 급여>기본진료료>입원료,,,,,,,,5,2025-08-05T17:59:19.790495,,,,,,,,,,
AB275,AB275,0,True,AB275,종합병원5등급간호관리료적용2인실입원료의치과 급여>기본진료료>입원료,,,,,,,,5,2025-08-05T17:59:42.717222,,,,,,,,,,
AB277,AB277,0,True,AB277,종합병원7등급간호관리료적용2인실입원료-서울특별시및광역시구지역소재요양기관의치과 급여>기본진료료>입원료,,,,,,,,5,2025-08-05T18:00:05.905324,,,,,,,,,,
AB287,AB287,0,True,AB287,종합병원7등급간호관리료적용3인실입원료-의료취약지역서울특별시및광역시구지역소재요양기관이아닌경우의치과 급여>기본진료료>입원료,,,,,,,,5,2025-08-05T18:00:28.995785,,,,,,,,,,
AB297,AB297,0,True,AB297,종합병원7등급간호관리료적용2인실입원료-의료취약지역서울특별시및광역시구지역소재요양기관이아닌경우의치과 급여>기본진료료>입원료,,,,,,,,5,2025-08-05T18:00:52.074319,,,,,,,,,,
AB300,AB300,0,True,AB300,"병원, 치과병원, 한방병원 내 의·치과 기본입원료의치과 급여>기본진료료>입원료",,,,,,,,5,2025-08-05T18:01:15.257617,,,,,,,,,,
AB301,AB301,0,True,AB301,"병원, 치과병원, 한방병원 내 의·치과 1등급간호관리료적용기본입원료의치과 급여>기본진료료>입원료",,,,,,,,5,2025-08-05T18:01:39.141714,,,,,,,,,,
AB302,AB302,0,True,AB302,"병원, 치과병원, 한방병원 내 의·치과 2등급간호관리료적용기본입원료의치과 급여>기본진료료>입원료",,,,,,,,5,2025-08-05T18:02:03.122803,,,,,,,,,,
AB303,AB303,0,True,AB303,"병원, 치과병원, 한방병원 내 의·치과 3등급간호관리료적용기본입원료의치과 급여>기본진료료>입원료",,,,,,,,5,2025-08-05T18:02:26.692003,,,,,,,,,,
AB304,AB304,0,True,AB304,"병원, 치과병원, 한방병원 내 의·치과 4등급간호관리료적용기본입원료의치과 급여>기본진료료>입원료",,,,,,,,5,2025-08-05T18:02:50.334284,,,,,,,,,,
AB305,AB305,0,True,AB305,"병원, 치과병원, 한방병원 내 의·치과 5등급간호관리료적용기본입원료의치과 급여>기본진료료>입원료",,,,,,,,5,2025-08-05T18:03:14.067222,,,,,,,,,,
AB307,AB307,0,True,AB307,"병원, 치과병원, 한방병원 내 의·치과 7등급간호관리료적용기본입원료-서울특별시및광역시구지역소재요양기관의치과 급여>기본진료료>입원료",,,,,,,,5,2025-08-05T18:03:38.554000,,,,,,,,,,
AB317,AB317,0,True,AB317,"병원, 치과병원, 한방병원 내 의·치과 7등급간호관리료기본입원료-의료취약지역,서울특별시및광역시구지역소재요양기관이아닌경우의치과 급여>기본진료료>입원료",,,,,,,,5,2025-08-05T18:04:02.483518,,,,,,,,,,
AB320,AB320,0,True,AB320,"병원, 치과병원, 한방병원 내 의·치과 5인실입원료의치과 급여>기본진료료>입원료",,,,,,,,5,2025-08-05T18:04:26.531033,,,,,,,,,,
AB321,AB321,0,True,AB321,"병원, 치과병원, 한방병원 내 의·치과 1등급간호관리료적용5인실입원료의치과 급여>기본진료료>입원료",,,,,,,,5,2025-08-05T18:04:51.097327,,,,,,,,,,
AB322,AB322,0,True,AB322,"병원, 치과병원, 한방병원 내 의·치과 2등급간호관리료적용5인실입원료의치과 급여>기본진료료>입원료",,,,,,,,5,2025-08-05T18:05:15.486724,,,,,,,,,,
AB323,AB323,0,True,AB323,"병원, 치과병원, 한방병원 내 의·치과 3등급간호관리료적용5인실입원료의치과 급여>기본진료료>입원료",,,,,,,,5,2025-08-05T18:05:40.384920,,,,,,,,,,
AB324,AB324,0,True,AB324,"병원, 치과병원, 한방병원 내 의·치과 4등급간호관리료적용5인실입원료의치과 급여>기본진료료>입원료",,,,,,,,6,2025-08-05T18:06:07.743636,,,,,,,,,,
AB325,AB325,0,True,AB325,"병원, 치과병원, 한방병원 내 의·치과 5등급간호관리료적용5인실입원료의치과 급여>기본진료료>입원료",,,,,,,,6,2025-08-05T18:06:30.215256,,,,,,,,,,
AB327,AB327,0,True,AB327,"병원, 치과병원, 한방병원 내 의·치과 7등급간호관리료적용5인실입원료-서울특별시및광역시구지역소재요양기관의치과 급여>기본진료료>입원료",,,,,,,,6,2025-08-05T18:06:52.835096,,,,,,,,,,
AB337,AB337,0,True,AB337,"병원, 치과병원, 한방병원 내 의·치과 7등급간호관리료5인실입원료-의료취약지역,서울특별시및광역시구지역소재요양기관이아닌경우의치과 급여>기본진료료>입원료",,,,,,,,6,2025-08-05T18:07:15.525101,,,,,,,,,,
AB340,AB340,0,True,AB340,"병원, 치과병원, 한방병원 내 의·치과 4인실입원료의치과 급여>기본진료료>입원료",,,,,,,,6,2025-08-05T18:07:38.335604,,,,,,,,,,
AB341,AB341,0,True,AB341,"병원, 치과병원, 한방병원 내 의·치과 1등급간호관리료적용4인실입원료의치과 급여>기본진료료>입원료",,,,,,,,6,2025-08-05T18:08:01.231909,,,,,,,,,,
AB342,AB342,0,True,AB342,"병원, 치과병원, 한방병원 내 의·치과 2등급간호관리료적용4인실입원료의치과 급여>기본진료료>입원료",,,,,,,,6,2025-08-05T18:08:24.256320,,,,,,,,,,
AB343,AB343,0,True,AB343,"병원, 치과병원, 한방병원 내 의·치과 3등급간호관리료적용4인실입원료의치과 급여>기본진료료>입원료",,,,,,,,6,2025-08-05T18:08:47.406547,,,,,,,,,,
AB344,AB344,0,True,AB344,"병원, 치과병원, 한방병원 내 의·치과 4등급간호관리료적용4인실입원료의치과 급여>기본진료료>입원료",,,,,,,,6,2025-08-05T18:09:10.599923,,,,,,,,,,
AB345,AB345,0,True,AB345,"병원, 치과병원, 한방병원 내 의·치과 5등급간호관리료적용4인실입원료의치과 급여>기본진료료>입원료",,,,,,,,6,2025-08-05T18:09:34.417228,,,,,,,,,,
AB347,AB347,0,True,AB347,"병원, 치과병원, 한방병원 내 의·치과 7등급간호관리료적용4인실입원료-서울특별시및광역시구지역소재요양기관의치과 급여>기본진료료>입원료",,,,,,,,6,2025-08-05T18:09:58.345183,,,,,,,,,,
AB357,AB357,0,True,AB357,"병원, 치과병원, 한방병원 내 의·치과 7등급간호관리료4인실입원료-의료취약지역,서울특별시및광역시구지역소재요양기관이아닌경우의치과 급여>기본진료료>입원료",,,,,,,,6,2025-08-05T18:10:21.918565,,,,,,,,,,
AB400,AB400,0,True,AB400,"의원,치과의원,보건의료원 의·치과 입원료의치과 급여>기본진료료>입원료",,,,,,,,6,2025-08-05T18:10:45.555268,,,,,,,,,,
AB401,AB401,0,True,AB401,"의원,치과의원,보건의료원 의·치과 1등급간호관리료적용입원료의치과 급여>기본진료료>입원료",,,,,,,,6,2025-08-05T18:11:09.254821,,,,,,,,,,
AB402,AB402,0,True,AB402,"의원,치과의원,보건의료원 의·치과 2등급간호관리료적용입원료의치과 급여>기본진료료>입원료",,,,,,,,6,2025-08-05T18:11:34.178932,,,,,,,,,,
AB403,AB403,0,True,AB403,"의원,치과의원,보건의료원 의·치과 3등급간호관리료적용입원료의치과 급여>기본진료료>입원료",,,,,,,,6,2025-08-05T18:11:58.084182,,,,,,,,,,
AB404,AB404,0,True,AB404,"의원,치과의원,보건의료원 의·치과 4등급간호관리료적용입원료의치과 급여>기본진료료>입원료",,,,,,,,6,2025-08-05T18:12:22.034890,,,,,,,,,,
AB405,AB405,0,True,AB405,"의원,치과의원,보건의료원 의·치과 5등급간호관리료적용입원료의치과 급여>기본진료료>입원료",,,,,,,,6,2025-08-05T18:12:46.062294,,,,,,,,,,
AB420,AB420,0,True,AB420,"의원,치과의원,보건의료원 의·치과 5인실입원료의치과 급여>기본진료료>입원료",,,,,,,,6,2025-08-05T18:13:10.593005,,,,,,,,,,
AB421,AB421,0,True,AB421,"의원,치과의원,보건의료원 의·치과 1등급간호관리료적용5인실입원료의치과 급여>기본진료료>입원료",,,,,,,,6,2025-08-05T18:13:34.753975,,,,,,,,,,
AB422,AB422,0,True,AB422,"의원,치과의원,보건의료원 의·치과 2등급간호관리료적용5인실입원료의치과 급여>기본진료료>입원료",,,,,,,,7,2025-08-05T18:14:01.555172,,,,,,,,,,
AB423,AB423,0,True,AB423,"의원,치과의원,보건의료원 의·치과 3등급간호관리료적용5인실입원료의치과 급여>기본진료료>입원료",,,,,,,,7,2025-08-05T18:14:24.106329,,,,,,,,,,
AB424,AB424,0,True,AB424,"의원,치과의원,보건의료원 의·치과 4등급간호관리료적용5인실입원료의치과 급여>기본진료료>입원료",,,,,,,,7,2025-08-05T18:14:46.702295,,,,,,,,,,
AB425,AB425,0,True,AB425,"의원,치과의원,보건의료원 의·치과 5등급간호관리료적용5인실입원료의치과 급여>기본진료료>입원료",,,,,,,,7,2025-08-05T18:15:09.825622,,,,,,,,,,
AB440,AB440,0,True,AB440,"의원,치과의원,보건의료원 의·치과 4인실입원료의치과 급여>기본진료료>입원료",,,,,,,,7,2025-08-05T18:15:32.631790,,,,,,,,,,
AB441,AB441,0,True,AB441,"의원,치과의원,보건의료원 의·치과 1등급간호관리료적용4인실입원료의치과 급여>기본진료료>입원료",,,,,,,,7,2025-08-05T18:15:55.516500,,,,,,,,,,
AB442,AB442,0,True,AB442,"의원,치과의원,보건의료원 의·치과 2등급간호관리료적용4인실입원료의치과 급여>기본진료료>입원료",,,,,,,,7,2025-08-05T18:16:18.984555,,,,,,,,,,
AB443,AB443,0,True,AB443,"의원,치과의원,보건의료원 의·치과 3등급간호관리료적용4인실입원료의치과 급여>기본진료료>입원료",,,,,,,,7,2025-08-05T18:16:42.133171,,,,,,,,,,
AB444,AB444,0,True,AB444,"의원,치과의원,보건의료원 의·치과 4등급간호관리료적용4인실입원료의치과 급여>기본진료료>입원료",,,,,,,,7,2025-08-05T18:17:05.456653,,,,,,,,,,
AB445,AB445,0,True,AB445,"의원,치과의원,보건의료원 의·치과 5등급간호관리료적용4인실입원료의치과 급여>기본진료료>입원료",,,,,,,,7,2025-08-05T18:17:28.803329,,,,,,,,,,
AC001,AC001,0,True,AC001,야간진료관리료-주당 60시간 이상의치과 급여>기본진료료>야간진료관리료,가26가,의치과 급여>기본진료료>야간진료관리료,야간진료관리료-주당 60시간 이상,,O,150.41,급여,7,2025-08-05T18:17:37.229904,"11,270원","12,260원",N,N,N,"12,540원",0원,N,"12,750원","12,750원"
AC002,AC002,0,True,AC002,야간진료관리료-주당 58시간 이상 60시간 미만의치과 급여>기본진료료>야간진료관리료,가26나,의치과 급여>기본진료료>야간진료관리료,야간진료관리료-주당 58시간 이상 60시간 미만,,O,145.4,급여,7,2025-08-05T18:17:45.964404,"10,890원","11,850원",N,N,N,"12,130원",0원,N,"12,330원","12,330원"
AC003,AC003,0,True,AC003,야간진료관리료-주당 56시간 이상 58시간 미만의치과 급여>기본진료료>야간진료관리료,가26다,의치과 급여>기본진료료>야간진료관리료,야간진료관리료-주당 56시간 이상 58시간 미만,,O,140.39,급여,7,2025-08-05T18:17:54.354881,"10,520원","11,440원",N,N,N,"11,710원",0원,N,"11,910원","11,910원"
AC004,AC004,0,True,AC004,야간진료관리료-주당 54시간 이상 56시간 미만의치과 급여>기본진료료>야간진료관리료,가26라,의치과 급여>기본진료료>야간진료관리료,야간진료관리료-주당 54시간 이상 56시간 미만,,O,135.38,급여,7,2025-08-05T18:18:02.933542,"10,140원","11,030원",N,N,N,"11,290원",0원,N,"11,480원","11,480원"
AC005,AC005,0,True,AC005,야간진료관리료-주당 52시간 이상 54시간 미만의치과 급여>기본진료료>야간진료관리료,가26마,의치과 급여>기본진료료>야간진료관리료,야간진료관리료-주당 52시간 이상 54시간 미만,,O,130.37,급여,7,2025-08-05T18:18:11.430984,"9,760원","10,630원",N,N,N,"10,870원",0원,N,"11,060원","11,060원"
AC006,AC006,0,True,AC006,야간진료관리료-주당 50시간 이상 52시간 미만의치과 급여>기본진료료>야간진료관리료,가26바,의치과 급여>기본진료료>야간진료관리료,야간진료관리료-주당 50시간 이상 52시간 미만,,O,125.36,급여,7,2025-08-05T18:18:19.984935,"9,390원","10,220원",N,N,N,"10,460원",0원,N,"10,630원","10,630원"
AC007,AC007,0,True,AC007,야간진료관리료-주당 50시간 미만의치과 급여>기본진료료>야간진료관리료,가26사,의치과 급여>기본진료료>야간진료관리료,야간진료관리료-주당 50시간 미만,,O,120.35,급여,7,2025-08-05T18:18:28.701238,"9,010원","9,810원",N,N,N,"10,040원",0원,N,"10,210원","10,210원"
AC031,AC031,0,True,AC031,수면검사실 관리료-상급종합병원의치과 급여>기본진료료>수면검사실 관리료,가30가,의치과 급여>기본진료료>수면검사실 관리료,수면검사실 관리료-상급종합병원,,O,"3,048.78",급여,7,2025-08-05T18:18:37.316334,"228,350원",0원,N,N,N,0원,0원,N,0원,0원
AC032,AC032,0,True,AC032,수면검사실 관리료-종합병원의치과 급여>기본진료료>수면검사실 관리료,가30나,의치과 급여>기본진료료>수면검사실 관리료,수면검사실 관리료-종합병원,,O,"2,236",급여,7,2025-08-05T18:18:45.853018,"167,480원",0원,N,N,N,0원,0원,N,0원,0원
AC033,AC033,0,True,AC033,수면검사실 관리료-병원의치과 급여>기본진료료>수면검사실 관리료,가30다,의치과 급여>기본진료료>수면검사실 관리료,수면검사실 관리료-병원,,O,"1,350.72",급여,7,2025-08-05T18:18:55.085681,"101,170원",0원,N,N,N,0원,0원,N,"114,540원","114,540원"
AC034,AC034,0,True,AC034,수면검사실 관리료-의원의치과 급여>기본진료료>수면검사실 관리료,가30라,의치과 급여>기본진료료>수면검사실 관리료,수면검사실 관리료-의원,,O,"1,169.45",급여,8,2025-08-05T18:19:06.346807,0원,"95,310원",N,N,N,"97,530원",0원,N,"99,170원",0원
AC301,AC301,0,True,AC034,소아 진정관리료-상급종합병원의치과 급여>기본진료료>소아 진정관리료,가30라,의치과 급여>기본진료료>수면검사실 관리료,수면검사실 관리료-의원,,O,"1,169.45",급여,8,2025-08-05T18:19:14.191403,0원,"95,310원",N,N,N,"97,530원",0원,N,"99,170원",0원
AC302,AC302,0,True,AC034,소아 진정관리료-종합병원의치과 급여>기본진료료>소아 진정관리료,가30라,의치과 급여>기본진료료>수면검사실 관리료,수면검사실 관리료-의원,,O,"1,169.45",급여,8,2025-08-05T18:19:21.872766,0원,"95,310원",N,N,N,"97,530원",0원,N,"99,170원",0원
AC303,AC303,0,True,AC034,"소아 진정관리료-병원,치과병원,요양병원,한방병원의치과 급여>기본진료료>소아 진정관리료",가30라,의치과 급여>기본진료료>수면검사실 관리료,수면검사실 관리료-의원,,O,"1,169.45",급여,8,2025-08-05T18:19:29.601643,0원,"95,310원",N,N,N,"97,530원",0원,N,"99,170원",0원
AC304,AC304,0,True,AC034,"소아 진정관리료-의원,치과의원,보건의료원의치과 급여>기본진료료>소아 진정관리료",가30라,의치과 급여>기본진료료>수면검사실 관리료,수면검사실 관리료-의원,,O,"1,169.45",급여,8,2025-08-05T18:19:37.814841,0원,"95,310원",N,N,N,"97,530원",0원,N,"99,170원",0원
AC410,AC410,0,True,AC410,입원환자 안전관리료-상급종합병원의치과 급여>기본진료료>입원료,가29가,의치과 급여>기본진료료>입원료,입원환자 안전관리료-상급종합병원,,O,24.2,급여,8,2025-08-05T18:19:45.670985,"1,810원",0원,N,N,N,0원,0원,N,0원,0원
AC421,AC421,0,True,AC421,입원환자 안전관리료-종합병원-500병상 이상의치과 급여>기본진료료>입원료,가29나(1),의치과 급여>기본진료료>입원료,입원환자 안전관리료-종합병원-500병상 이상,,O,26.83,급여,8,2025-08-05T18:19:53.574878,"2,010원",0원,N,N,N,0원,0원,N,0원,0원
AC422,AC422,0,True,AC422,입원환자 안전관리료-종합병원-100병상 이상~ 500병상 미만의치과 급여>기본진료료>입원료,가29나(2),의치과 급여>기본진료료>입원료,입원환자 안전관리료-종합병원-100병상 이상~ 500병상 미만,,O,28.35,급여,8,2025-08-05T18:20:01.494958,"2,120원",0원,N,N,N,0원,0원,N,0원,0원
AC430,AC430,0,True,AC430,입원환자 안전관리료-병원의치과 급여>기본진료료>입원료,가29다,의치과 급여>기본진료료>입원료,입원환자 안전관리료-병원,,O,31.4,급여,8,2025-08-05T18:20:09.461108,"2,350원",0원,N,N,N,0원,0원,N,"2,660원","2,660원"
AC600,AC600,0,True,AC600,뇌졸중 집중치료실 전담의의치과 급여>기본진료료>입원료,가3-1가주,의치과 급여>기본진료료>입원료,뇌졸중 집중치료실 전담의,,O,353.68,급여,8,2025-08-05T18:20:17.402520,"26,490원",0원,N,N,N,0원,0원,N,"29,990원","29,990원"
AC611,AC611,0,True,AC600,뇌졸중 집중치료실 입원료-상급종합병원 의치과 급여>기본진료료>입원료,가3-1가주,의치과 급여>기본진료료>입원료,뇌졸중 집중치료실 전담의,,O,353.68,급여,8,2025-08-05T18:20:25.365050,"26,490원",0원,N,N,N,0원,0원,N,"29,990원","29,990원"
AC612,AC612,0,True,AC600,고위험임산부 집중치료실 입원료-상급종합병원의치과 급여>기본진료료>입원료,가3-1가주,의치과 급여>기본진료료>입원료,뇌졸중 집중치료실 전담의,,O,353.68,급여,8,2025-08-05T18:20:33.316502,"26,490원",0원,N,N,N,0원,0원,N,"29,990원","29,990원"
AC621,AC621,0,True,AC600,뇌졸중 집중치료실 입원료-종합병원의치과 급여>기본진료료>입원료,가3-1가주,의치과 급여>기본진료료>입원료,뇌졸중 집중치료실 전담의,,O,353.68,급여,8,2025-08-05T18:20:41.335311,"26,490원",0원,N,N,N,0원,0원,N,"29,990원","29,990원"
AC622,AC622,0,True,AC600,고위험임산부 집중치료실 입원료-종합병원 의치과 급여>기본진료료>입원료,가3-1가주,의치과 급여>기본진료료>입원료,뇌졸중 집중치료실 전담의,,O,353.68,급여,8,2025-08-05T18:20:49.370152,"26,490원",0원,N,N,N,0원,0원,N,"29,990원","29,990원"
AC632,AC632,0,True,AC600,고위험임산부 집중치료실 입원료-병원 의치과 급여>기본진료료>입원료,가3-1가주,의치과 급여>기본진료료>입원료,뇌졸중 집중치료실 전담의,,O,353.68,급여,8,2025-08-05T18:20:57.470459,"26,490원",0원,N,N,N,0원,0원,N,"29,990원","29,990원"
AC711,AC711,0,True,AC711,고위험임산부 집중관리료[1일당]-상급종합병원-6시간 미만의치과 급여>기본진료료>입원료,가3-2가(1),의치과 급여>기본진료료>입원료,고위험임산부 집중관리료[1일당]-상급종합병원-6시간 미만,High risk pregnancy intensive care,O,279.73,급여,8,2025-08-05T18:21:05.474620,"20,950원",0원,N,N,N,0원,0원,N,0원,0원
AC712,AC712,0,True,AC712,고위험임산부 집중관리료[1일당]-상급종합병원-6시간 이상의치과 급여>기본진료료>입원료,가3-2가(2),의치과 급여>기본진료료>입원료,고위험임산부 집중관리료[1일당]-상급종합병원-6시간 이상,High risk pregnancy intensive care,O,419.6,급여,8,2025-08-05T18:21:13.957319,"31,430원",0원,N,N,N,0원,0원,N,0원,0원
AC721,AC721,0,True,AC721,고위험임산부 집중관리료[1일당]-종합병원-6시간 미만의치과 급여>기본진료료>입원료,가3-2나(1),의치과 급여>기본진료료>입원료,고위험임산부 집중관리료[1일당]-종합병원-6시간 미만,High risk pregnancy intensive care,O,251.2,급여,8,2025-08-05T18:21:22.074325,"18,810원",0원,N,N,N,0원,0원,N,0원,0원
AC722,AC722,0,True,AC722,고위험임산부 집중관리료[1일당]-종합병원-6시간 이상의치과 급여>기본진료료>입원료,가3-2나(2),의치과 급여>기본진료료>입원료,고위험임산부 집중관리료[1일당]-종합병원-6시간 이상,High risk pregnancy intensive care,O,376.8,급여,8,2025-08-05T18:21:30.128719,"28,220원",0원,N,N,N,0원,0원,N,0원,0원
AC731,AC731,0,True,AC731,고위험임산부 집중관리료[1일당]-병원-6시간 미만의치과 급여>기본진료료>입원료,가3-2다(1),의치과 급여>기본진료료>입원료,고위험임산부 집중관리료[1일당]-병원-6시간 미만,High risk pregnancy intensive care,O,184.22,급여,8,2025-08-05T18:21:38.191420,"13,800원",0원,N,N,N,0원,0원,N,"15,620원","15,620원"
AC732,AC732,0,True,AC732,고위험임산부 집중관리료[1일당]-병원-6시간 이상의치과 급여>기본진료료>입원료,가3-2다(2),의치과 급여>기본진료료>입원료,고위험임산부 집중관리료[1일당]-병원-6시간 이상,High risk pregnancy intensive care,O,276.33,급여,9,2025-08-05T18:21:48.674552,"20,700원",0원,N,N,N,0원,0원,N,"23,430원","23,430원"
AC741,AC741,0,True,AC741,고위험임산부 집중관리료[1일당]-의원-6시간 미만의치과 급여>기본진료료>입원료,가3-2라(1),의치과 급여>기본진료료>입원료,고위험임산부 집중관리료[1일당]-의원-6시간 미만,High risk pregnancy intensive care,O,123.67,급여,9,2025-08-05T18:21:56.362414,0원,"10,080원",N,N,N,"10,310원",0원,N,"10,490원",0원
AC742,AC742,0,True,AC742,고위험임산부 집중관리료[1일당]-의원-6시간 이상의치과 급여>기본진료료>입원료,가3-2라(2),의치과 급여>기본진료료>입원료,고위험임산부 집중관리료[1일당]-의원-6시간 이상,High risk pregnancy intensive care,O,185.44,급여,9,2025-08-05T18:22:03.995232,0원,"15,110원",N,N,N,"15,470원",0원,N,"15,730원",0원
AD100,AD100,0,True,AC742,상급종합병원 무균치료실입원료-1인용의치과 급여>기본진료료>입원료,가3-2라(2),의치과 급여>기본진료료>입원료,고위험임산부 집중관리료[1일당]-의원-6시간 이상,High risk pregnancy intensive care,O,185.44,급여,9,2025-08-05T18:22:11.599958,0원,"15,110원",N,N,N,"15,470원",0원,N,"15,730원",0원
AD101,AD101,0,True,AC742,상급종합병원 무균치료실입원료-다인용의치과 급여>기본진료료>입원료,가3-2라(2),의치과 급여>기본진료료>입원료,고위험임산부 집중관리료[1일당]-의원-6시간 이상,High risk pregnancy intensive care,O,185.44,급여,9,2025-08-05T18:22:19.208389,0원,"15,110원",N,N,N,"15,470원",0원,N,"15,730원",0원
AD200,AD200,0,True,AC742,종합병원 무균치료실입원료-1인용의치과 급여>기본진료료>입원료,가3-2라(2),의치과 급여>기본진료료>입원료,고위험임산부 집중관리료[1일당]-의원-6시간 이상,High risk pregnancy intensive care,O,185.44,급여,9,2025-08-05T18:22:26.899302,0원,"15,110원",N,N,N,"15,470원",0원,N,"15,730원",0원
AD201,AD201,0,True,AC742,종합병원 무균치료실입원료-다인용의치과 급여>기본진료료>입원료,가3-2라(2),의치과 급여>기본진료료>입원료,고위험임산부 집중관리료[1일당]-의원-6시간 이상,High risk pregnancy intensive care,O,185.44,급여,9,2025-08-05T18:22:34.661171,0원,"15,110원",N,N,N,"15,470원",0원,N,"15,730원",0원
AD300,AD300,0,True,AC742,"병원, 치과병원, 한방병원 내 의·치과 무균치료실입원료-1인용의치과 급여>기본진료료>입원료",가3-2라(2),의치과 급여>기본진료료>입원료,고위험임산부 집중관리료[1일당]-의원-6시간 이상,High risk pregnancy intensive care,O,185.44,급여,9,2025-08-05T18:22:42.355617,0원,"15,110원",N,N,N,"15,470원",0원,N,"15,730원",0원
AD301,AD301,0,True,AC742,"병원, 치과병원, 한방병원 내 의·치과 무균치료실입원료-다인용의치과 급여>기본진료료>입원료",가3-2라(2),의치과 급여>기본진료료>입원료,고위험임산부 집중관리료[1일당]-의원-6시간 이상,High risk pregnancy intensive care,O,185.44,급여,9,2025-08-05T18:22:50.106087,0원,"15,110원",N,N,N,"15,470원",0원,N,"15,730원",0원
AD400,AD400,0,True,AC742,"의원, 치과의원, 보건의료원 내 의·치과 무균치료실입원료-1인용의치과 급여>기본진료료>입원료",가3-2라(2),의치과 급여>기본진료료>입원료,고위험임산부 집중관리료[1일당]-의원-6시간 이상,High risk pregnancy intensive care,O,185.44,급여,9,2025-08-05T18:22:57.870477,0원,"15,110원",N,N,N,"15,470원",0원,N,"15,730원",0원
AD401,AD401,0,True,AC742,"의원, 치과의원, 보건의료원 내 의·치과 무균치료실입원료-다인용의치과 급여>기본진료료>입원료",가3-2라(2),의치과 급여>기본진료료>입원료,고위험임산부 집중관리료[1일당]-의원-6시간 이상,High risk pregnancy intensive care,O,185.44,급여,9,2025-08-05T18:23:05.681222,0원,"15,110원",N,N,N,"15,470원",0원,N,"15,730원",0원
AE100,AE100,0,True,AE100,회송료의치과 급여>기본진료료>기타,가5,의치과 급여>기본진료료>기타,회송료,Transfer Service,O,151.62,급여,9,2025-08-05T18:23:13.473553,"11,360원",0원,N,N,N,0원,0원,N,"12,860원","12,860원"
AF100,AF100,0,True,AF100,낮병동입원료-상급종합병원의치과 급여>기본진료료>입원료,가6가,의치과 급여>기본진료료>입원료,낮병동입원료-상급종합병원,Day Care,O,561.44,급여,9,2025-08-05T18:23:21.267146,"42,050원",0원,N,N,N,0원,0원,N,0원,0원
AF200,AF200,0,True,AF200,낮병동입원료-종합병원의치과 급여>기본진료료>입원료,가6나,의치과 급여>기본진료료>입원료,낮병동입원료-종합병원,Day Care,O,495.54,급여,9,2025-08-05T18:23:28.987508,"37,120원",0원,N,N,N,0원,0원,N,0원,0원
AF300,AF300,0,True,AF300,"낮병동입원료-병원, 치과병원, 한방병원 내 의·치과의치과 급여>기본진료료>입원료",가6다,의치과 급여>기본진료료>입원료,"낮병동입원료-병원, 치과병원, 한방병원 내 의·치과",Day Care,O,427.33,급여,9,2025-08-05T18:23:37.401410,"32,010원",0원,N,N,N,0원,0원,N,"36,240원","36,240원"
AF400,AF400,0,True,AF400,"낮병동입원료-의원,치과의원,보건의료원 의·치과의치과 급여>기본진료료>입원료",가6마,의치과 급여>기본진료료>입원료,"낮병동입원료-의원,치과의원,보건의료원 의·치과",Day Care,O,358.86,급여,9,2025-08-05T18:23:45.240803,0원,"29,250원",N,N,N,"29,930원",0원,N,"30,430원",0원
AG111,AG111,0,True,AF400,신생아실 입원료-질병이 없는 신생아-상급종합병원의치과 급여>기본진료료>입원료,가6마,의치과 급여>기본진료료>입원료,"낮병동입원료-의원,치과의원,보건의료원 의·치과",Day Care,O,358.86,급여,9,2025-08-05T18:23:53.629141,0원,"29,250원",N,N,N,"29,930원",0원,N,"30,430원",0원
AG112,AG112,0,True,AF400,모자동실입원료-상급종합병원의치과 급여>기본진료료>입원료,가6마,의치과 급여>기본진료료>입원료,"낮병동입원료-의원,치과의원,보건의료원 의·치과",Day Care,O,358.86,급여,9,2025-08-05T18:24:01.624570,0원,"29,250원",N,N,N,"29,930원",0원,N,"30,430원",0원
AG113,AG113,0,True,AF400,신생아모유수유간호관리료-상급종합병원의치과 급여>기본진료료>입원료,가6마,의치과 급여>기본진료료>입원료,"낮병동입원료-의원,치과의원,보건의료원 의·치과",Day Care,O,358.86,급여,9,2025-08-05T18:24:09.443351,0원,"29,250원",N,N,N,"29,930원",0원,N,"30,430원",0원
AG121,AG121,0,True,AF400,신생아실 입원료-질병이 있는 신생아-상급종합병원의치과 급여>기본진료료>입원료,가6마,의치과 급여>기본진료료>입원료,"낮병동입원료-의원,치과의원,보건의료원 의·치과",Day Care,O,358.86,급여,9,2025-08-05T18:24:17.328755,0원,"29,250원",N,N,N,"29,930원",0원,N,"30,430원",0원
